division,annee,mois,indice
alimentation,1990,1,67.57
alimentation,1990,2,67.72
alimentation,1990,3,67.72
alimentation,1990,4,68.57
alimentation,1990,5,68.57
alimentation,1990,6,68.09
alimentation,1990,7,67.64
alimentation,1990,8,68.07
alimentation,1990,9,68.53
alimentation,1990,10,68.57
alimentation,1990,11,68.46
alimentation,1990,12,68.34
alimentation,1991,1,68.97
alimentation,1991,2,69.16
alimentation,1991,3,69.57
alimentation,1991,4,70.04
alimentation,1991,5,70.35
alimentation,1991,6,70.51
alimentation,1991,7,70.65
alimentation,1991,8,70.35
alimentation,1991,9,70.21
alimentation,1991,10,70.98
alimentation,1991,11,71.47
alimentation,1991,12,70.2
alimentation,1992,1,70.69
alimentation,1992,2,70.91
alimentation,1992,3,71.13
alimentation,1992,4,71.39
alimentation,1992,5,71.68
alimentation,1992,6,71.02
alimentation,1992,7,70.34
alimentation,1992,8,69.72
alimentation,1992,9,70.09
alimentation,1992,10,70.53
alimentation,1992,11,70.59
alimentation,1992,12,70.19
alimentation,1993,1,70.8
alimentation,1993,2,70.5
alimentation,1993,3,71.15
alimentation,1993,4,71.06
alimentation,1993,5,71.17
alimentation,1993,6,70.66
alimentation,1993,7,70.52
alimentation,1993,8,69.88
alimentation,1993,9,70.15
alimentation,1993,10,70.4
alimentation,1993,11,70.7
alimentation,1993,12,70.49
alimentation,1994,1,70.44
alimentation,1994,2,70.59
alimentation,1994,3,70.67
alimentation,1994,4,71.16
alimentation,1994,5,71.69
alimentation,1994,6,71.48
alimentation,1994,7,71.35
alimentation,1994,8,70.93
alimentation,1994,9,71.39
alimentation,1994,10,71.94
alimentation,1994,11,71.52
alimentation,1994,12,71.17
alimentation,1995,1,71.94
alimentation,1995,2,71.94
alimentation,1995,3,72.13
alimentation,1995,4,72.26
alimentation,1995,5,72.58
alimentation,1995,6,72.43
alimentation,1995,7,72.09
alimentation,1995,8,71.74
alimentation,1995,9,71.75
alimentation,1995,10,71.81
alimentation,1995,11,72.09
alimentation,1995,12,72.22
alimentation,1996,1,72.51
alimentation,1996,2,72.66
alimentation,1996,3,73.32
alimentation,1996,4,73.27
alimentation,1996,5,73.73
alimentation,1996,6,73.37
alimentation,1996,7,73.26
alimentation,1996,8,72.37
alimentation,1996,9,72.53
alimentation,1996,10,72.64
alimentation,1996,11,72.95
alimentation,1996,12,73.2
alimentation,1997,1,74.36
alimentation,1997,2,73.77
alimentation,1997,3,73.44
alimentation,1997,4,73.63
alimentation,1997,5,74.2
alimentation,1997,6,74.21
alimentation,1997,7,74.41
alimentation,1997,8,74.26
alimentation,1997,9,74.5
alimentation,1997,10,74.68
alimentation,1997,11,75.15
alimentation,1997,12,75.03
alimentation,1998,1,75.03
alimentation,1998,2,75.05
alimentation,1998,3,75.16
alimentation,1998,4,75.63
alimentation,1998,5,76.01
alimentation,1998,6,76.31
alimentation,1998,7,75.92
alimentation,1998,8,75.49
alimentation,1998,9,75.42
alimentation,1998,10,75.23
alimentation,1998,11,75.42
alimentation,1998,12,75.61
alimentation,1999,1,76.07
alimentation,1999,2,75.99
alimentation,1999,3,76.14
alimentation,1999,4,76.25
alimentation,1999,5,76.46
alimentation,1999,6,76.34
alimentation,1999,7,75.82
alimentation,1999,8,75.21
alimentation,1999,9,75.34
alimentation,1999,10,75.72
alimentation,1999,11,76.08
alimentation,1999,12,76.39
alimentation,2000,1,76.57
alimentation,2000,2,76.84
alimentation,2000,3,76.84
alimentation,2000,4,77.41
alimentation,2000,5,77.73
alimentation,2000,6,77.74
alimentation,2000,7,77.57
alimentation,2000,8,77.5
alimentation,2000,9,77.7
alimentation,2000,10,77.96
alimentation,2000,11,78.49
alimentation,2000,12,78.56
alimentation,2001,1,79.07
alimentation,2001,2,79.37
alimentation,2001,3,80.29
alimentation,2001,4,81.08
alimentation,2001,5,82.46
alimentation,2001,6,82.52
alimentation,2001,7,82.62
alimentation,2001,8,81.9
alimentation,2001,9,82.01
alimentation,2001,10,82.29
alimentation,2001,11,82.1
alimentation,2001,12,82.39
alimentation,2002,1,83.85
alimentation,2002,2,83.64
alimentation,2002,3,83.68
alimentation,2002,4,83.76
alimentation,2002,5,83.99
alimentation,2002,6,83.97
alimentation,2002,7,83.51
alimentation,2002,8,83.09
alimentation,2002,9,83.2
alimentation,2002,10,83.42
alimentation,2002,11,83.45
alimentation,2002,12,83.56
alimentation,2003,1,84.31
alimentation,2003,2,84.67
alimentation,2003,3,85.04
alimentation,2003,4,85.36
alimentation,2003,5,85.35
alimentation,2003,6,86.06
alimentation,2003,7,85.74
alimentation,2003,8,85.6
alimentation,2003,9,86.26
alimentation,2003,10,85.92
alimentation,2003,11,85.82
alimentation,2003,12,85.56
alimentation,2004,1,86.07
alimentation,2004,2,85.72
alimentation,2004,3,86.26
alimentation,2004,4,86.64
alimentation,2004,5,86.87
alimentation,2004,6,87.27
alimentation,2004,7,86.4
alimentation,2004,8,85.13
alimentation,2004,9,85.25
alimentation,2004,10,85.26
alimentation,2004,11,85.43
alimentation,2004,12,85.64
alimentation,2005,1,85.64
alimentation,2005,2,86.09
alimentation,2005,3,86.83
alimentation,2005,4,86.51
alimentation,2005,5,86.85
alimentation,2005,6,86.65
alimentation,2005,7,86.01
alimentation,2005,8,85.41
alimentation,2005,9,85.45
alimentation,2005,10,85.6
alimentation,2005,11,85.89
alimentation,2005,12,86.22
alimentation,2006,1,86.59
alimentation,2006,2,87.0
alimentation,2006,3,87.11
alimentation,2006,4,87.3
alimentation,2006,5,87.88
alimentation,2006,6,87.87
alimentation,2006,7,87.66
alimentation,2006,8,87.28
alimentation,2006,9,87.6
alimentation,2006,10,87.33
alimentation,2006,11,87.87
alimentation,2006,12,87.71
alimentation,2007,1,87.98
alimentation,2007,2,87.63
alimentation,2007,3,87.58
alimentation,2007,4,88.29
alimentation,2007,5,88.69
alimentation,2007,6,89.01
alimentation,2007,7,88.4
alimentation,2007,8,88.29
alimentation,2007,9,88.77
alimentation,2007,10,89.23
alimentation,2007,11,89.83
alimentation,2007,12,90.39
alimentation,2008,1,91.68
alimentation,2008,2,91.86
alimentation,2008,3,92.26
alimentation,2008,4,92.87
alimentation,2008,5,93.77
alimentation,2008,6,93.95
alimentation,2008,7,94.02
alimentation,2008,8,92.91
alimentation,2008,9,92.98
alimentation,2008,10,93.43
alimentation,2008,11,93.27
alimentation,2008,12,93.31
alimentation,2009,1,93.88
alimentation,2009,2,93.92
alimentation,2009,3,93.79
alimentation,2009,4,93.85
alimentation,2009,5,94.13
alimentation,2009,6,93.61
alimentation,2009,7,92.96
alimentation,2009,8,92.28
alimentation,2009,9,92.7
alimentation,2009,10,93.1
alimentation,2009,11,93.16
alimentation,2009,12,93.05
alimentation,2010,1,93.94
alimentation,2010,2,94.01
alimentation,2010,3,94.34
alimentation,2010,4,94.7
alimentation,2010,5,94.95
alimentation,2010,6,94.8
alimentation,2010,7,94.29
alimentation,2010,8,93.46
alimentation,2010,9,93.48
alimentation,2010,10,93.57
alimentation,2010,11,93.99
alimentation,2010,12,94.15
alimentation,2011,1,94.01
alimentation,2011,2,94.3
alimentation,2011,3,95.1
alimentation,2011,4,95.25
alimentation,2011,5,96.21
alimentation,2011,6,96.45
alimentation,2011,7,96.31
alimentation,2011,8,96.16
alimentation,2011,9,96.36
alimentation,2011,10,96.71
alimentation,2011,11,96.98
alimentation,2011,12,97.25
alimentation,2012,1,97.34
alimentation,2012,2,97.89
alimentation,2012,3,98.58
alimentation,2012,4,98.58
alimentation,2012,5,99.14
alimentation,2012,6,99.54
alimentation,2012,7,98.93
alimentation,2012,8,98.45
alimentation,2012,9,98.66
alimentation,2012,10,99.5
alimentation,2012,11,99.51
alimentation,2012,12,99.49
alimentation,2013,1,99.43
alimentation,2013,2,99.52
alimentation,2013,3,100.0
alimentation,2013,4,100.3
alimentation,2013,5,100.92
alimentation,2013,6,101.36
alimentation,2013,7,100.69
alimentation,2013,8,100.25
alimentation,2013,9,99.79
alimentation,2013,10,99.69
alimentation,2013,11,99.78
alimentation,2013,12,99.88
alimentation,2014,1,99.8
alimentation,2014,2,99.67
alimentation,2014,3,99.86
alimentation,2014,4,99.7
alimentation,2014,5,100.03
alimentation,2014,6,99.82
alimentation,2014,7,99.28
alimentation,2014,8,98.75
alimentation,2014,9,99.18
alimentation,2014,10,99.54
alimentation,2014,11,99.53
alimentation,2014,12,99.46
alimentation,2015,1,99.55
alimentation,2015,2,99.74
alimentation,2015,3,99.95
alimentation,2015,4,99.97
alimentation,2015,5,100.42
alimentation,2015,6,100.18
alimentation,2015,7,99.65
alimentation,2015,8,99.56
alimentation,2015,9,100.06
alimentation,2015,10,100.55
alimentation,2015,11,100.34
alimentation,2015,12,100.03
alimentation,2016,1,99.93
alimentation,2016,2,99.9
alimentation,2016,3,100.36
alimentation,2016,4,100.36
alimentation,2016,5,101.39
alimentation,2016,6,100.76
alimentation,2016,7,100.87
alimentation,2016,8,101.04
alimentation,2016,9,100.53
alimentation,2016,10,100.47
alimentation,2016,11,100.62
alimentation,2016,12,100.75
alimentation,2017,1,101.2
alimentation,2017,2,101.46
alimentation,2017,3,101.17
alimentation,2017,4,101.11
alimentation,2017,5,101.84
alimentation,2017,6,101.55
alimentation,2017,7,101.62
alimentation,2017,8,101.67
alimentation,2017,9,101.6
alimentation,2017,10,102.02
alimentation,2017,11,102.12
alimentation,2017,12,102.1
alimentation,2018,1,102.43
alimentation,2018,2,102.29
alimentation,2018,3,102.66
alimentation,2018,4,102.72
alimentation,2018,5,103.64
alimentation,2018,6,103.46
alimentation,2018,7,103.59
alimentation,2018,8,103.88
alimentation,2018,9,104.46
alimentation,2018,10,104.3
alimentation,2018,11,104.11
alimentation,2018,12,104.7
alimentation,2019,1,105.23
alimentation,2019,2,105.41
alimentation,2019,3,105.2
alimentation,2019,4,105.27
alimentation,2019,5,105.99
alimentation,2019,6,106.1
alimentation,2019,7,106.66
alimentation,2019,8,107.15
alimentation,2019,9,106.62
alimentation,2019,10,106.15
alimentation,2019,11,106.28
alimentation,2019,12,106.87
alimentation,2020,1,107.32
alimentation,2020,2,107.29
alimentation,2020,3,107.23
alimentation,2020,4,109.16
alimentation,2020,5,109.7
alimentation,2020,6,108.85
alimentation,2020,7,107.85
alimentation,2020,8,108.08
alimentation,2020,9,107.57
alimentation,2020,10,107.74
alimentation,2020,11,108.41
alimentation,2020,12,107.99
alimentation,2021,1,108.4
alimentation,2021,2,108.19
alimentation,2021,3,108.24
alimentation,2021,4,108.84
alimentation,2021,5,109.41
alimentation,2021,6,108.65
alimentation,2021,7,108.77
alimentation,2021,8,109.48
alimentation,2021,9,108.65
alimentation,2021,10,108.47
alimentation,2021,11,108.9
alimentation,2021,12,109.46
alimentation,2022,1,110.07
alimentation,2022,2,110.45
alimentation,2022,3,111.42
alimentation,2022,4,113.03
alimentation,2022,5,114.11
alimentation,2022,6,114.99
alimentation,2022,7,116.14
alimentation,2022,8,118.09
alimentation,2022,9,119.39
alimentation,2022,10,121.47
alimentation,2022,11,122.1
alimentation,2022,12,122.68
alimentation,2023,1,124.75
alimentation,2023,2,126.85
alimentation,2023,3,129.16
alimentation,2023,4,129.93
alimentation,2023,5,130.38
alimentation,2023,6,130.72
alimentation,2023,7,130.84
alimentation,2023,8,131.29
alimentation,2023,9,130.92
alimentation,2023,10,130.97
alimentation,2023,11,131.47
alimentation,2023,12,131.52
alimentation,2024,1,131.81
alimentation,2024,2,131.39
alimentation,2024,3,131.38
alimentation,2024,4,131.51
alimentation,2024,5,132.02
alimentation,2024,6,131.79
alimentation,2024,7,131.52
alimentation,2024,8,131.94
alimentation,2024,9,131.52
alimentation,2024,10,131.78
alimentation,2024,11,131.72
alimentation,2024,12,131.54
alimentation,2025,1,131.94
alimentation,2025,2,131.84
alimentation,2025,3,132.19
alimentation,2025,4,133.14
alimentation,2025,5,133.75
alimentation,2025,6,133.59
alimentation,2025,7,133.64
alimentation,2025,8,134.05
alimentation,2025,9,133.79
alimentation,2025,10,133.48
alimentation,2025,11,133.51
alimentation,2025,12,133.75
energie,1990,1,52.06
energie,1990,2,51.83
energie,1990,3,51.69
energie,1990,4,51.55
energie,1990,5,51.49
energie,1990,6,51.25
energie,1990,7,51.27
energie,1990,8,53.7
energie,1990,9,56.48
energie,1990,10,57.66
energie,1990,11,56.01
energie,1990,12,54.96
energie,1991,1,55.1
energie,1991,2,54.81
energie,1991,3,53.86
energie,1991,4,53.62
energie,1991,5,53.9
energie,1991,6,54.1
energie,1991,7,54.33
energie,1991,8,54.72
energie,1991,9,54.79
energie,1991,10,54.79
energie,1991,11,55.09
energie,1991,12,54.57
energie,1992,1,53.91
energie,1992,2,53.95
energie,1992,3,53.94
energie,1992,4,53.83
energie,1992,5,53.9
energie,1992,6,53.98
energie,1992,7,53.92
energie,1992,8,53.68
energie,1992,9,53.38
energie,1992,10,53.53
energie,1992,11,53.65
energie,1992,12,53.58
energie,1993,1,53.62
energie,1993,2,53.86
energie,1993,3,54.14
energie,1993,4,54.22
energie,1993,5,54.25
energie,1993,6,54.13
energie,1993,7,55.15
energie,1993,8,55.64
energie,1993,9,55.73
energie,1993,10,55.77
energie,1993,11,55.81
energie,1993,12,55.6
energie,1994,1,55.62
energie,1994,2,55.73
energie,1994,3,55.62
energie,1994,4,55.7
energie,1994,5,55.76
energie,1994,6,55.7
energie,1994,7,55.56
energie,1994,8,55.84
energie,1994,9,55.66
energie,1994,10,55.55
energie,1994,11,55.6
energie,1994,12,55.52
energie,1995,1,56.19
energie,1995,2,56.56
energie,1995,3,56.41
energie,1995,4,56.45
energie,1995,5,56.61
energie,1995,6,56.6
energie,1995,7,56.29
energie,1995,8,56.98
energie,1995,9,57.24
energie,1995,10,57.18
energie,1995,11,57.21
energie,1995,12,57.48
energie,1996,1,58.21
energie,1996,2,58.6
energie,1996,3,58.99
energie,1996,4,59.53
energie,1996,5,59.61
energie,1996,6,59.18
energie,1996,7,59.07
energie,1996,8,59.07
energie,1996,9,59.91
energie,1996,10,60.84
energie,1996,11,61.08
energie,1996,12,61.29
energie,1997,1,61.77
energie,1997,2,61.71
energie,1997,3,61.26
energie,1997,4,60.77
energie,1997,5,60.49
energie,1997,6,60.3
energie,1997,7,60.07
energie,1997,8,60.8
energie,1997,9,60.76
energie,1997,10,60.88
energie,1997,11,61.29
energie,1997,12,61.13
energie,1998,1,60.87
energie,1998,2,60.7
energie,1998,3,60.21
energie,1998,4,60.08
energie,1998,5,59.31
energie,1998,6,58.84
energie,1998,7,58.58
energie,1998,8,58.3
energie,1998,9,58.28
energie,1998,10,58.42
energie,1998,11,58.11
energie,1998,12,57.92
energie,1999,1,57.37
energie,1999,2,57.32
energie,1999,3,57.67
energie,1999,4,58.68
energie,1999,5,58.32
energie,1999,6,58.18
energie,1999,7,58.94
energie,1999,8,59.9
energie,1999,9,60.64
energie,1999,10,61.12
energie,1999,11,61.47
energie,1999,12,63.46
energie,2000,1,64.19
energie,2000,2,64.71
energie,2000,3,65.84
energie,2000,4,65.06
energie,2000,5,65.71
energie,2000,6,66.85
energie,2000,7,67.26
energie,2000,8,67.19
energie,2000,9,70.26
energie,2000,10,68.66
energie,2000,11,69.64
energie,2000,12,68.4
energie,2001,1,65.1
energie,2001,2,65.58
energie,2001,3,65.38
energie,2001,4,66.07
energie,2001,5,68.12
energie,2001,6,68.05
energie,2001,7,66.76
energie,2001,8,65.69
energie,2001,9,66.25
energie,2001,10,65.41
energie,2001,11,64.36
energie,2001,12,63.26
energie,2002,1,63.25
energie,2002,2,63.25
energie,2002,3,63.83
energie,2002,4,65.34
energie,2002,5,64.98
energie,2002,6,64.25
energie,2002,7,63.87
energie,2002,8,64.79
energie,2002,9,65.71
energie,2002,10,66.26
energie,2002,11,65.62
energie,2002,12,65.69
energie,2003,1,67.1
energie,2003,2,68.52
energie,2003,3,69.61
energie,2003,4,66.76
energie,2003,5,64.94
energie,2003,6,64.58
energie,2003,7,65.26
energie,2003,8,65.81
energie,2003,9,65.99
energie,2003,10,66.03
energie,2003,11,65.72
energie,2003,12,65.63
energie,2004,1,66.33
energie,2004,2,66.09
energie,2004,3,67.31
energie,2004,4,67.77
energie,2004,5,69.74
energie,2004,6,69.04
energie,2004,7,69.14
energie,2004,8,70.64
energie,2004,9,70.78
energie,2004,10,73.01
energie,2004,11,73.21
energie,2004,12,72.33
energie,2005,1,71.02
energie,2005,2,72.16
energie,2005,3,74.02
energie,2005,4,75.32
energie,2005,5,74.31
energie,2005,6,75.67
energie,2005,7,77.79
energie,2005,8,78.85
energie,2005,9,81.55
energie,2005,10,81.67
energie,2005,11,79.36
energie,2005,12,78.25
energie,2006,1,79.6
energie,2006,2,79.89
energie,2006,3,80.28
energie,2006,4,82.23
energie,2006,5,83.9
energie,2006,6,83.33
energie,2006,7,84.04
energie,2006,8,84.51
energie,2006,9,82.33
energie,2006,10,79.93
energie,2006,11,79.51
energie,2006,12,79.58
energie,2007,1,79.03
energie,2007,2,79.2
energie,2007,3,80.43
energie,2007,4,81.74
energie,2007,5,82.67
energie,2007,6,83.1
energie,2007,7,83.43
energie,2007,8,82.98
energie,2007,9,83.51
energie,2007,10,84.1
energie,2007,11,87.59
energie,2007,12,88.04
energie,2008,1,88.75
energie,2008,2,88.25
energie,2008,3,90.62
energie,2008,4,91.57
energie,2008,5,95.37
energie,2008,6,98.72
energie,2008,7,98.9
energie,2008,8,95.68
energie,2008,9,95.35
energie,2008,10,91.78
energie,2008,11,86.74
energie,2008,12,81.86
energie,2009,1,80.08
energie,2009,2,80.52
energie,2009,3,78.91
energie,2009,4,78.9
energie,2009,5,79.05
energie,2009,6,81.55
energie,2009,7,80.77
energie,2009,8,82.3
energie,2009,9,81.69
energie,2009,10,81.5
energie,2009,11,83.08
energie,2009,12,82.77
energie,2010,1,84.9
energie,2010,2,84.91
energie,2010,3,86.68
energie,2010,4,89.04
energie,2010,5,89.81
energie,2010,6,89.23
energie,2010,7,89.24
energie,2010,8,89.23
energie,2010,9,89.69
energie,2010,10,90.53
energie,2010,11,91.4
energie,2010,12,93.15
energie,2011,1,96.56
energie,2011,2,97.61
energie,2011,3,99.98
energie,2011,4,101.24
energie,2011,5,99.97
energie,2011,6,99.46
energie,2011,7,99.45
energie,2011,8,99.85
energie,2011,9,100.56
energie,2011,10,100.69
energie,2011,11,101.87
energie,2011,12,101.79
energie,2012,1,104.18
energie,2012,2,105.26
energie,2012,3,106.47
energie,2012,4,106.61
energie,2012,5,104.97
energie,2012,6,102.78
energie,2012,7,103.02
energie,2012,8,106.72
energie,2012,9,106.41
energie,2012,10,105.85
energie,2012,11,104.61
energie,2012,12,104.4
energie,2013,1,106.25
energie,2013,2,107.8
energie,2013,3,107.59
energie,2013,4,106.4
energie,2013,5,104.53
energie,2013,6,104.55
energie,2013,7,104.88
energie,2013,8,106.37
energie,2013,9,107.2
energie,2013,10,105.39
energie,2013,11,104.73
energie,2013,12,105.5
energie,2014,1,106.39
energie,2014,2,106.53
energie,2014,3,105.86
energie,2014,4,105.69
energie,2014,5,105.63
energie,2014,6,105.58
energie,2014,7,105.65
energie,2014,8,104.79
energie,2014,9,104.56
energie,2014,10,104.16
energie,2014,11,103.56
energie,2014,12,100.9
energie,2015,1,98.81
energie,2015,2,100.91
energie,2015,3,101.91
energie,2015,4,102.11
energie,2015,5,103.09
energie,2015,6,102.6
energie,2015,7,101.37
energie,2015,8,99.47
energie,2015,9,98.43
energie,2015,10,97.81
energie,2015,11,97.35
energie,2015,12,96.15
energie,2016,1,95.02
energie,2016,2,94.06
energie,2016,3,94.89
energie,2016,4,95.18
energie,2016,5,97.24
energie,2016,6,99.39
energie,2016,7,98.07
energie,2016,8,96.5
energie,2016,9,97.31
energie,2016,10,98.53
energie,2016,11,99.42
energie,2016,12,100.3
energie,2017,1,104.8
energie,2017,2,104.79
energie,2017,3,104.27
energie,2017,4,103.99
energie,2017,5,102.42
energie,2017,6,101.27
energie,2017,7,99.95
energie,2017,8,101.15
energie,2017,9,102.23
energie,2017,10,103.22
energie,2017,11,104.83
energie,2017,12,105.33
energie,2018,1,110.26
energie,2018,2,110.27
energie,2018,3,109.5
energie,2018,4,110.54
energie,2018,5,112.71
energie,2018,6,113.68
energie,2018,7,114.23
energie,2018,8,114.26
energie,2018,9,115.32
energie,2018,10,117.42
energie,2018,11,116.58
energie,2018,12,113.77
energie,2019,1,112.35
energie,2019,2,113.85
energie,2019,3,115.12
energie,2019,4,115.85
energie,2019,5,116.56
energie,2019,6,116.39
energie,2019,7,115.13
energie,2019,8,115.12
energie,2019,9,115.51
energie,2019,10,115.52
energie,2019,11,115.84
energie,2019,12,116.76
energie,2020,1,117.35
energie,2020,2,115.06
energie,2020,3,110.55
energie,2020,4,105.94
energie,2020,5,103.73
energie,2020,6,105.59
energie,2020,7,106.62
energie,2020,8,106.98
energie,2020,9,106.26
energie,2020,10,106.5
energie,2020,11,106.84
energie,2020,12,108.64
energie,2021,1,110.49
energie,2021,2,113.24
energie,2021,3,115.73
energie,2021,4,115.23
energie,2021,5,115.86
energie,2021,6,117.15
energie,2021,7,119.77
energie,2021,8,120.52
energie,2021,9,122.14
energie,2021,10,128.0
energie,2021,11,129.93
energie,2021,12,128.74
energie,2022,1,132.43
energie,2022,2,137.19
energie,2022,3,149.55
energie,2022,4,145.77
energie,2022,5,148.11
energie,2022,6,155.87
energie,2022,7,153.9
energie,2022,8,147.93
energie,2022,9,144.03
energie,2022,10,152.44
energie,2022,11,153.78
energie,2022,12,148.24
energie,2023,1,153.95
energie,2023,2,156.47
energie,2023,3,156.86
energie,2023,4,155.72
energie,2023,5,151.08
energie,2023,6,151.19
energie,2023,7,148.2
energie,2023,8,157.99
energie,2023,9,161.12
energie,2023,10,160.3
energie,2023,11,158.53
energie,2023,12,156.66
energie,2024,1,156.88
energie,2024,2,163.27
energie,2024,3,162.13
energie,2024,4,161.64
energie,2024,5,159.76
energie,2024,6,158.52
energie,2024,7,160.76
energie,2024,8,158.69
energie,2024,9,155.79
energie,2024,10,157.1
energie,2024,11,157.48
energie,2024,12,158.6
energie,2025,1,161.19
energie,2025,2,153.79
energie,2025,3,151.51
energie,2025,4,149.08
energie,2025,5,146.97
energie,2025,6,147.89
energie,2025,7,149.15
energie,2025,8,148.83
energie,2025,9,148.86
energie,2025,10,148.25
energie,2025,11,150.23
energie,2025,12,147.78
produits_manufactures,1990,1,91.96
produits_manufactures,1990,2,92.13
produits_manufactures,1990,3,92.54
produits_manufactures,1990,4,92.74
produits_manufactures,1990,5,92.91
produits_manufactures,1990,6,93.05
produits_manufactures,1990,7,93.26
produits_manufactures,1990,8,93.36
produits_manufactures,1990,9,93.35
produits_manufactures,1990,10,93.49
produits_manufactures,1990,11,93.69
produits_manufactures,1990,12,93.87
produits_manufactures,1991,1,94.32
produits_manufactures,1991,2,94.62
produits_manufactures,1991,3,94.86
produits_manufactures,1991,4,95.05
produits_manufactures,1991,5,95.27
produits_manufactures,1991,6,95.41
produits_manufactures,1991,7,95.64
produits_manufactures,1991,8,95.77
produits_manufactures,1991,9,95.95
produits_manufactures,1991,10,96.21
produits_manufactures,1991,11,96.4
produits_manufactures,1991,12,96.61
produits_manufactures,1992,1,96.51
produits_manufactures,1992,2,97.02
produits_manufactures,1992,3,97.47
produits_manufactures,1992,4,97.31
produits_manufactures,1992,5,97.32
produits_manufactures,1992,6,97.31
produits_manufactures,1992,7,97.28
produits_manufactures,1992,8,97.46
produits_manufactures,1992,9,97.87
produits_manufactures,1992,10,97.96
produits_manufactures,1992,11,97.93
produits_manufactures,1992,12,97.95
produits_manufactures,1993,1,97.83
produits_manufactures,1993,2,98.3
produits_manufactures,1993,3,98.87
produits_manufactures,1993,4,98.92
produits_manufactures,1993,5,98.9
produits_manufactures,1993,6,98.83
produits_manufactures,1993,7,98.41
produits_manufactures,1993,8,98.62
produits_manufactures,1993,9,99.01
produits_manufactures,1993,10,99.13
produits_manufactures,1993,11,99.0
produits_manufactures,1993,12,99.05
produits_manufactures,1994,1,98.62
produits_manufactures,1994,2,98.72
produits_manufactures,1994,3,99.19
produits_manufactures,1994,4,99.28
produits_manufactures,1994,5,99.34
produits_manufactures,1994,6,99.25
produits_manufactures,1994,7,98.9
produits_manufactures,1994,8,99.02
produits_manufactures,1994,9,99.45
produits_manufactures,1994,10,99.49
produits_manufactures,1994,11,99.36
produits_manufactures,1994,12,99.38
produits_manufactures,1995,1,98.85
produits_manufactures,1995,2,99.25
produits_manufactures,1995,3,99.81
produits_manufactures,1995,4,99.78
produits_manufactures,1995,5,99.78
produits_manufactures,1995,6,99.65
produits_manufactures,1995,7,99.3
produits_manufactures,1995,8,99.91
produits_manufactures,1995,9,100.58
produits_manufactures,1995,10,100.74
produits_manufactures,1995,11,100.71
produits_manufactures,1995,12,100.61
produits_manufactures,1996,1,99.89
produits_manufactures,1996,2,100.38
produits_manufactures,1996,3,101.38
produits_manufactures,1996,4,101.35
produits_manufactures,1996,5,101.34
produits_manufactures,1996,6,101.3
produits_manufactures,1996,7,100.53
produits_manufactures,1996,8,100.75
produits_manufactures,1996,9,101.18
produits_manufactures,1996,10,101.58
produits_manufactures,1996,11,100.98
produits_manufactures,1996,12,100.99
produits_manufactures,1997,1,99.94
produits_manufactures,1997,2,100.84
produits_manufactures,1997,3,101.39
produits_manufactures,1997,4,101.33
produits_manufactures,1997,5,101.19
produits_manufactures,1997,6,101.02
produits_manufactures,1997,7,100.03
produits_manufactures,1997,8,100.58
produits_manufactures,1997,9,101.06
produits_manufactures,1997,10,101.07
produits_manufactures,1997,11,101.02
produits_manufactures,1997,12,101.13
produits_manufactures,1998,1,99.72
produits_manufactures,1998,2,100.66
produits_manufactures,1998,3,101.22
produits_manufactures,1998,4,101.27
produits_manufactures,1998,5,101.19
produits_manufactures,1998,6,101.12
produits_manufactures,1998,7,99.89
produits_manufactures,1998,8,100.48
produits_manufactures,1998,9,101.04
produits_manufactures,1998,10,100.93
produits_manufactures,1998,11,100.79
produits_manufactures,1998,12,100.84
produits_manufactures,1999,1,99.41
produits_manufactures,1999,2,100.17
produits_manufactures,1999,3,100.8
produits_manufactures,1999,4,100.74
produits_manufactures,1999,5,100.73
produits_manufactures,1999,6,100.76
produits_manufactures,1999,7,99.38
produits_manufactures,1999,8,100.01
produits_manufactures,1999,9,100.47
produits_manufactures,1999,10,100.55
produits_manufactures,1999,11,100.44
produits_manufactures,1999,12,100.44
produits_manufactures,2000,1,99.85
produits_manufactures,2000,2,99.49
produits_manufactures,2000,3,100.56
produits_manufactures,2000,4,100.43
produits_manufactures,2000,5,100.47
produits_manufactures,2000,6,100.54
produits_manufactures,2000,7,99.21
produits_manufactures,2000,8,99.99
produits_manufactures,2000,9,100.64
produits_manufactures,2000,10,100.81
produits_manufactures,2000,11,100.77
produits_manufactures,2000,12,100.86
produits_manufactures,2001,1,99.93
produits_manufactures,2001,2,100.1
produits_manufactures,2001,3,101.06
produits_manufactures,2001,4,101.21
produits_manufactures,2001,5,101.37
produits_manufactures,2001,6,101.35
produits_manufactures,2001,7,100.09
produits_manufactures,2001,8,100.9
produits_manufactures,2001,9,101.5
produits_manufactures,2001,10,101.64
produits_manufactures,2001,11,101.37
produits_manufactures,2001,12,101.6
produits_manufactures,2002,1,100.84
produits_manufactures,2002,2,100.91
produits_manufactures,2002,3,101.83
produits_manufactures,2002,4,101.89
produits_manufactures,2002,5,102.05
produits_manufactures,2002,6,101.99
produits_manufactures,2002,7,100.85
produits_manufactures,2002,8,101.31
produits_manufactures,2002,9,102.01
produits_manufactures,2002,10,102.04
produits_manufactures,2002,11,101.91
produits_manufactures,2002,12,102.1
produits_manufactures,2003,1,100.61
produits_manufactures,2003,2,101.71
produits_manufactures,2003,3,102.16
produits_manufactures,2003,4,102.2
produits_manufactures,2003,5,102.27
produits_manufactures,2003,6,102.13
produits_manufactures,2003,7,100.83
produits_manufactures,2003,8,101.36
produits_manufactures,2003,9,102.26
produits_manufactures,2003,10,102.54
produits_manufactures,2003,11,102.26
produits_manufactures,2003,12,102.48
produits_manufactures,2004,1,100.71
produits_manufactures,2004,2,101.81
produits_manufactures,2004,3,102.28
produits_manufactures,2004,4,102.48
produits_manufactures,2004,5,102.54
produits_manufactures,2004,6,102.41
produits_manufactures,2004,7,100.82
produits_manufactures,2004,8,101.77
produits_manufactures,2004,9,102.43
produits_manufactures,2004,10,102.47
produits_manufactures,2004,11,102.42
produits_manufactures,2004,12,102.41
produits_manufactures,2005,1,100.9
produits_manufactures,2005,2,101.22
produits_manufactures,2005,3,102.05
produits_manufactures,2005,4,102.25
produits_manufactures,2005,5,102.21
produits_manufactures,2005,6,102.07
produits_manufactures,2005,7,100.14
produits_manufactures,2005,8,101.1
produits_manufactures,2005,9,101.89
produits_manufactures,2005,10,101.89
produits_manufactures,2005,11,101.82
produits_manufactures,2005,12,101.79
produits_manufactures,2006,1,100.6
produits_manufactures,2006,2,100.78
produits_manufactures,2006,3,101.45
produits_manufactures,2006,4,101.79
produits_manufactures,2006,5,101.87
produits_manufactures,2006,6,101.78
produits_manufactures,2006,7,99.81
produits_manufactures,2006,8,100.7
produits_manufactures,2006,9,101.39
produits_manufactures,2006,10,101.36
produits_manufactures,2006,11,101.45
produits_manufactures,2006,12,101.62
produits_manufactures,2007,1,100.21
produits_manufactures,2007,2,100.43
produits_manufactures,2007,3,101.45
produits_manufactures,2007,4,101.68
produits_manufactures,2007,5,101.82
produits_manufactures,2007,6,101.72
produits_manufactures,2007,7,99.9
produits_manufactures,2007,8,100.78
produits_manufactures,2007,9,101.44
produits_manufactures,2007,10,101.56
produits_manufactures,2007,11,101.8
produits_manufactures,2007,12,101.98
produits_manufactures,2008,1,100.48
produits_manufactures,2008,2,100.73
produits_manufactures,2008,3,101.95
produits_manufactures,2008,4,101.95
produits_manufactures,2008,5,101.97
produits_manufactures,2008,6,101.96
produits_manufactures,2008,7,99.98
produits_manufactures,2008,8,101.04
produits_manufactures,2008,9,102.01
produits_manufactures,2008,10,101.99
produits_manufactures,2008,11,102.08
produits_manufactures,2008,12,102.09
produits_manufactures,2009,1,100.52
produits_manufactures,2009,2,100.85
produits_manufactures,2009,3,102.08
produits_manufactures,2009,4,102.07
produits_manufactures,2009,5,102.13
produits_manufactures,2009,6,101.95
produits_manufactures,2009,7,100.14
produits_manufactures,2009,8,101.57
produits_manufactures,2009,9,101.9
produits_manufactures,2009,10,101.74
produits_manufactures,2009,11,101.68
produits_manufactures,2009,12,101.94
produits_manufactures,2010,1,100.03
produits_manufactures,2010,2,101.16
produits_manufactures,2010,3,101.96
produits_manufactures,2010,4,101.86
produits_manufactures,2010,5,101.85
produits_manufactures,2010,6,101.84
produits_manufactures,2010,7,100.18
produits_manufactures,2010,8,101.18
produits_manufactures,2010,9,101.94
produits_manufactures,2010,10,101.74
produits_manufactures,2010,11,101.58
produits_manufactures,2010,12,101.78
produits_manufactures,2011,1,100.22
produits_manufactures,2011,2,100.25
produits_manufactures,2011,3,101.51
produits_manufactures,2011,4,102.07
produits_manufactures,2011,5,102.01
produits_manufactures,2011,6,102.04
produits_manufactures,2011,7,99.41
produits_manufactures,2011,8,101.0
produits_manufactures,2011,9,102.09
produits_manufactures,2011,10,102.34
produits_manufactures,2011,11,102.35
produits_manufactures,2011,12,102.8
produits_manufactures,2012,1,100.84
produits_manufactures,2012,2,100.93
produits_manufactures,2012,3,102.78
produits_manufactures,2012,4,102.92
produits_manufactures,2012,5,103.02
produits_manufactures,2012,6,103.08
produits_manufactures,2012,7,100.32
produits_manufactures,2012,8,101.5
produits_manufactures,2012,9,102.88
produits_manufactures,2012,10,102.65
produits_manufactures,2012,11,102.81
produits_manufactures,2012,12,103.0
produits_manufactures,2013,1,100.59
produits_manufactures,2013,2,100.73
produits_manufactures,2013,3,102.75
produits_manufactures,2013,4,102.67
produits_manufactures,2013,5,102.68
produits_manufactures,2013,6,102.63
produits_manufactures,2013,7,99.77
produits_manufactures,2013,8,100.89
produits_manufactures,2013,9,102.18
produits_manufactures,2013,10,102.16
produits_manufactures,2013,11,102.31
produits_manufactures,2013,12,102.38
produits_manufactures,2014,1,99.34
produits_manufactures,2014,2,100.62
produits_manufactures,2014,3,101.95
produits_manufactures,2014,4,101.97
produits_manufactures,2014,5,101.86
produits_manufactures,2014,6,101.42
produits_manufactures,2014,7,98.52
produits_manufactures,2014,8,100.34
produits_manufactures,2014,9,101.51
produits_manufactures,2014,10,101.35
produits_manufactures,2014,11,101.08
produits_manufactures,2014,12,101.16
produits_manufactures,2015,1,97.93
produits_manufactures,2015,2,98.89
produits_manufactures,2015,3,100.89
produits_manufactures,2015,4,101.02
produits_manufactures,2015,5,101.18
produits_manufactures,2015,6,100.72
produits_manufactures,2015,7,97.64
produits_manufactures,2015,8,99.19
produits_manufactures,2015,9,100.62
produits_manufactures,2015,10,100.6
produits_manufactures,2015,11,100.5
produits_manufactures,2015,12,100.82
produits_manufactures,2016,1,97.84
produits_manufactures,2016,2,98.79
produits_manufactures,2016,3,100.66
produits_manufactures,2016,4,100.41
produits_manufactures,2016,5,100.53
produits_manufactures,2016,6,100.23
produits_manufactures,2016,7,97.33
produits_manufactures,2016,8,98.72
produits_manufactures,2016,9,99.99
produits_manufactures,2016,10,99.96
produits_manufactures,2016,11,99.88
produits_manufactures,2016,12,99.86
produits_manufactures,2017,1,97.51
produits_manufactures,2017,2,97.21
produits_manufactures,2017,3,99.63
produits_manufactures,2017,4,99.75
produits_manufactures,2017,5,99.85
produits_manufactures,2017,6,99.91
produits_manufactures,2017,7,96.98
produits_manufactures,2017,8,98.06
produits_manufactures,2017,9,99.53
produits_manufactures,2017,10,99.7
produits_manufactures,2017,11,99.64
produits_manufactures,2017,12,99.75
produits_manufactures,2018,1,97.52
produits_manufactures,2018,2,97.26
produits_manufactures,2018,3,99.35
produits_manufactures,2018,4,99.41
produits_manufactures,2018,5,99.68
produits_manufactures,2018,6,99.67
produits_manufactures,2018,7,96.88
produits_manufactures,2018,8,97.99
produits_manufactures,2018,9,99.3
produits_manufactures,2018,10,99.32
produits_manufactures,2018,11,99.37
produits_manufactures,2018,12,99.21
produits_manufactures,2019,1,97.13
produits_manufactures,2019,2,96.78
produits_manufactures,2019,3,98.78
produits_manufactures,2019,4,98.88
produits_manufactures,2019,5,99.03
produits_manufactures,2019,6,99.02
produits_manufactures,2019,7,96.27
produits_manufactures,2019,8,97.11
produits_manufactures,2019,9,98.56
produits_manufactures,2019,10,98.82
produits_manufactures,2019,11,98.74
produits_manufactures,2019,12,98.96
produits_manufactures,2020,1,96.81
produits_manufactures,2020,2,97.03
produits_manufactures,2020,3,98.37
produits_manufactures,2020,4,98.38
produits_manufactures,2020,5,98.33
produits_manufactures,2020,6,98.01
produits_manufactures,2020,7,98.04
produits_manufactures,2020,8,96.87
produits_manufactures,2020,9,98.39
produits_manufactures,2020,10,98.74
produits_manufactures,2020,11,98.42
produits_manufactures,2020,12,98.02
produits_manufactures,2021,1,97.6
produits_manufactures,2021,2,96.69
produits_manufactures,2021,3,98.19
produits_manufactures,2021,4,98.14
produits_manufactures,2021,5,98.27
produits_manufactures,2021,6,98.72
produits_manufactures,2021,7,96.93
produits_manufactures,2021,8,97.98
produits_manufactures,2021,9,98.8
produits_manufactures,2021,10,98.99
produits_manufactures,2021,11,99.2
produits_manufactures,2021,12,99.2
produits_manufactures,2022,1,98.22
produits_manufactures,2022,2,98.85
produits_manufactures,2022,3,100.25
produits_manufactures,2022,4,100.72
produits_manufactures,2022,5,101.23
produits_manufactures,2022,6,101.18
produits_manufactures,2022,7,99.58
produits_manufactures,2022,8,101.41
produits_manufactures,2022,9,102.35
produits_manufactures,2022,10,103.13
produits_manufactures,2022,11,103.55
produits_manufactures,2022,12,103.76
produits_manufactures,2023,1,102.66
produits_manufactures,2023,2,103.49
produits_manufactures,2023,3,105.09
produits_manufactures,2023,4,105.39
produits_manufactures,2023,5,105.4
produits_manufactures,2023,6,105.48
produits_manufactures,2023,7,103.01
produits_manufactures,2023,8,104.54
produits_manufactures,2023,9,105.26
produits_manufactures,2023,10,105.43
produits_manufactures,2023,11,105.47
produits_manufactures,2023,12,105.17
produits_manufactures,2024,1,103.4
produits_manufactures,2024,2,103.89
produits_manufactures,2024,3,105.22
produits_manufactures,2024,4,105.27
produits_manufactures,2024,5,105.38
produits_manufactures,2024,6,105.48
produits_manufactures,2024,7,103.02
produits_manufactures,2024,8,104.47
produits_manufactures,2024,9,104.96
produits_manufactures,2024,10,105.24
produits_manufactures,2024,11,105.2
produits_manufactures,2024,12,104.72
produits_manufactures,2025,1,103.56
produits_manufactures,2025,2,103.91
produits_manufactures,2025,3,105.01
produits_manufactures,2025,4,105.09
produits_manufactures,2025,5,105.18
produits_manufactures,2025,6,105.29
produits_manufactures,2025,7,102.78
produits_manufactures,2025,8,104.14
produits_manufactures,2025,9,104.51
produits_manufactures,2025,10,104.71
produits_manufactures,2025,11,104.57
produits_manufactures,2025,12,104.3
services,1990,1,56.96
services,1990,2,57.2
services,1990,3,57.4
services,1990,4,57.78
services,1990,5,57.95
services,1990,6,58.19
services,1990,7,58.35
services,1990,8,58.49
services,1990,9,58.67
services,1990,10,58.97
services,1990,11,59.1
services,1990,12,59.23
services,1991,1,59.53
services,1991,2,59.78
services,1991,3,59.99
services,1991,4,60.21
services,1991,5,60.39
services,1991,6,60.59
services,1991,7,60.77
services,1991,8,60.96
services,1991,9,61.17
services,1991,10,61.4
services,1991,11,61.59
services,1991,12,61.74
services,1992,1,62.01
services,1992,2,62.31
services,1992,3,62.51
services,1992,4,62.83
services,1992,5,63.03
services,1992,6,63.26
services,1992,7,63.56
services,1992,8,63.73
services,1992,9,63.88
services,1992,10,64.04
services,1992,11,64.17
services,1992,12,64.29
services,1993,1,64.58
services,1993,2,64.84
services,1993,3,65.0
services,1993,4,65.21
services,1993,5,65.37
services,1993,6,65.49
services,1993,7,65.71
services,1993,8,65.76
services,1993,9,65.93
services,1993,10,66.05
services,1993,11,66.12
services,1993,12,66.21
services,1994,1,66.45
services,1994,2,66.69
services,1994,3,66.81
services,1994,4,66.96
services,1994,5,67.04
services,1994,6,67.16
services,1994,7,67.45
services,1994,8,67.51
services,1994,9,67.62
services,1994,10,67.73
services,1994,11,67.86
services,1994,12,67.97
services,1995,1,68.18
services,1995,2,68.39
services,1995,3,68.56
services,1995,4,68.73
services,1995,5,68.78
services,1995,6,68.96
services,1995,7,69.1
services,1995,8,69.41
services,1995,9,69.59
services,1995,10,69.67
services,1995,11,69.69
services,1995,12,69.78
services,1996,1,69.98
services,1996,2,70.19
services,1996,3,70.33
services,1996,4,70.47
services,1996,5,70.59
services,1996,6,70.71
services,1996,7,70.92
services,1996,8,70.88
services,1996,9,70.89
services,1996,10,70.82
services,1996,11,70.8
services,1996,12,70.88
services,1997,1,71.03
services,1997,2,71.18
services,1997,3,71.31
services,1997,4,71.44
services,1997,5,71.57
services,1997,6,71.69
services,1997,7,72.01
services,1997,8,72.05
services,1997,9,71.98
services,1997,10,71.75
services,1997,11,71.75
services,1997,12,71.86
services,1998,1,72.04
services,1998,2,72.21
services,1998,3,72.28
services,1998,4,72.43
services,1998,5,72.54
services,1998,6,72.69
services,1998,7,72.98
services,1998,8,73.02
services,1998,9,72.71
services,1998,10,72.71
services,1998,11,72.67
services,1998,12,72.8
services,1999,1,72.84
services,1999,2,73.02
services,1999,3,73.12
services,1999,4,73.38
services,1999,5,73.38
services,1999,6,73.44
services,1999,7,73.74
services,1999,8,73.74
services,1999,9,73.56
services,1999,10,73.38
services,1999,11,73.28
services,1999,12,73.49
services,2000,1,73.42
services,2000,2,73.61
services,2000,3,73.61
services,2000,4,73.62
services,2000,5,73.68
services,2000,6,73.84
services,2000,7,74.24
services,2000,8,74.2
services,2000,9,74.01
services,2000,10,73.96
services,2000,11,73.95
services,2000,12,74.06
services,2001,1,74.16
services,2001,2,74.3
services,2001,3,74.25
services,2001,4,74.57
services,2001,5,74.61
services,2001,6,74.73
services,2001,7,75.26
services,2001,8,75.33
services,2001,9,75.17
services,2001,10,75.28
services,2001,11,75.22
services,2001,12,75.44
services,2002,1,75.83
services,2002,2,76.09
services,2002,3,76.23
services,2002,4,76.55
services,2002,5,76.67
services,2002,6,76.84
services,2002,7,77.69
services,2002,8,77.83
services,2002,9,77.58
services,2002,10,77.64
services,2002,11,77.84
services,2002,12,77.97
services,2003,1,78.21
services,2003,2,78.41
services,2003,3,78.54
services,2003,4,78.71
services,2003,5,78.84
services,2003,6,79.05
services,2003,7,79.54
services,2003,8,79.63
services,2003,9,79.57
services,2003,10,79.65
services,2003,11,79.66
services,2003,12,79.86
services,2004,1,80.16
services,2004,2,80.48
services,2004,3,80.51
services,2004,4,80.65
services,2004,5,80.83
services,2004,6,80.97
services,2004,7,81.79
services,2004,8,81.87
services,2004,9,81.62
services,2004,10,81.65
services,2004,11,81.67
services,2004,12,81.99
services,2005,1,82.1
services,2005,2,82.68
services,2005,3,82.74
services,2005,4,82.83
services,2005,5,83.07
services,2005,6,83.17
services,2005,7,83.86
services,2005,8,84.06
services,2005,9,83.76
services,2005,10,83.63
services,2005,11,83.64
services,2005,12,84.01
services,2006,1,84.13
services,2006,2,84.54
services,2006,3,84.59
services,2006,4,84.74
services,2006,5,85.01
services,2006,6,85.16
services,2006,7,85.99
services,2006,8,86.16
services,2006,9,85.61
services,2006,10,85.8
services,2006,11,85.84
services,2006,12,86.25
services,2007,1,86.44
services,2007,2,86.79
services,2007,3,86.79
services,2007,4,87.08
services,2007,5,87.17
services,2007,6,87.28
services,2007,7,88.07
services,2007,8,88.29
services,2007,9,87.78
services,2007,10,87.92
services,2007,11,87.97
services,2007,12,88.33
services,2008,1,88.43
services,2008,2,88.74
services,2008,3,88.93
services,2008,4,89.22
services,2008,5,89.29
services,2008,6,89.39
services,2008,7,90.15
services,2008,8,90.4
services,2008,9,89.67
services,2008,10,90.05
services,2008,11,90.0
services,2008,12,90.37
services,2009,1,90.64
services,2009,2,91.12
services,2009,3,91.06
services,2009,4,91.38
services,2009,5,91.53
services,2009,6,91.63
services,2009,7,92.26
services,2009,8,92.37
services,2009,9,91.61
services,2009,10,91.8
services,2009,11,91.65
services,2009,12,92.09
services,2010,1,92.12
services,2010,2,92.54
services,2010,3,92.6
services,2010,4,92.65
services,2010,5,92.66
services,2010,6,92.8
services,2010,7,93.47
services,2010,8,93.63
services,2010,9,92.88
services,2010,10,93.1
services,2010,11,92.98
services,2010,12,93.38
services,2011,1,93.29
services,2011,2,93.98
services,2011,3,94.18
services,2011,4,94.27
services,2011,5,94.32
services,2011,6,94.47
services,2011,7,95.26
services,2011,8,95.34
services,2011,9,94.26
services,2011,10,94.36
services,2011,11,94.52
services,2011,12,95.02
services,2012,1,95.02
services,2012,2,95.46
services,2012,3,95.63
services,2012,4,95.81
services,2012,5,95.72
services,2012,6,96.03
services,2012,7,97.0
services,2012,8,97.19
services,2012,9,95.73
services,2012,10,95.8
services,2012,11,95.58
services,2012,12,96.22
services,2013,1,96.2
services,2013,2,96.42
services,2013,3,96.76
services,2013,4,96.59
services,2013,5,96.78
services,2013,6,97.0
services,2013,7,98.07
services,2013,8,98.26
services,2013,9,97.07
services,2013,10,97.14
services,2013,11,97.04
services,2013,12,97.57
services,2014,1,97.83
services,2014,2,98.25
services,2014,3,98.51
services,2014,4,98.5
services,2014,5,98.52
services,2014,6,98.76
services,2014,7,99.84
services,2014,8,100.11
services,2014,9,98.55
services,2014,10,98.64
services,2014,11,98.53
services,2014,12,99.14
services,2015,1,99.09
services,2015,2,99.53
services,2015,3,99.57
services,2015,4,99.7
services,2015,5,99.79
services,2015,6,100.04
services,2015,7,101.22
services,2015,8,101.41
services,2015,9,99.81
services,2015,10,99.87
services,2015,11,99.68
services,2015,12,100.28
services,2016,1,100.15
services,2016,2,100.31
services,2016,3,100.43
services,2016,4,100.67
services,2016,5,100.77
services,2016,6,101.06
services,2016,7,102.04
services,2016,8,102.17
services,2016,9,101.01
services,2016,10,100.89
services,2016,11,100.71
services,2016,12,101.16
services,2017,1,101.07
services,2017,2,101.37
services,2017,3,101.49
services,2017,4,101.68
services,2017,5,101.72
services,2017,6,101.99
services,2017,7,103.06
services,2017,8,103.35
services,2017,9,102.05
services,2017,10,101.87
services,2017,11,101.75
services,2017,12,102.22
services,2018,1,102.38
services,2018,2,102.5
services,2018,3,102.95
services,2018,4,103.08
services,2018,5,103.23
services,2018,6,103.18
services,2018,7,104.36
services,2018,8,104.7
services,2018,9,103.14
services,2018,10,103.09
services,2018,11,102.8
services,2018,12,103.17
services,2019,1,103.37
services,2019,2,103.39
services,2019,3,103.58
services,2019,4,104.07
services,2019,5,103.85
services,2019,6,104.37
services,2019,7,105.46
services,2019,8,105.83
services,2019,9,104.41
services,2019,10,104.33
services,2019,11,104.14
services,2019,12,104.63
services,2020,1,104.67
services,2020,2,104.88
services,2020,3,104.67
services,2020,4,104.65
services,2020,5,105.12
services,2020,6,105.47
services,2020,7,106.42
services,2020,8,106.73
services,2020,9,105.08
services,2020,10,104.72
services,2020,11,104.84
services,2020,12,105.39
services,2021,1,105.51
services,2021,2,105.69
services,2021,3,105.79
services,2021,4,105.89
services,2021,5,106.23
services,2021,6,106.36
services,2021,7,107.08
services,2021,8,107.47
services,2021,9,106.57
services,2021,10,106.57
services,2021,11,106.83
services,2021,12,107.26
services,2022,1,107.57
services,2022,2,108.06
services,2022,3,108.27
services,2022,4,109.03
services,2022,5,109.58
services,2022,6,109.86
services,2022,7,111.3
services,2022,8,111.61
services,2022,9,109.94
services,2022,10,109.92
services,2022,11,110.02
services,2022,12,110.34
services,2023,1,110.4
services,2023,2,111.33
services,2023,3,111.46
services,2023,4,112.54
services,2023,5,112.86
services,2023,6,113.12
services,2023,7,114.8
services,2023,8,114.93
services,2023,9,113.08
services,2023,10,113.41
services,2023,11,113.08
services,2023,12,113.76
services,2024,1,113.9
services,2024,2,114.85
services,2024,3,114.8
services,2024,4,115.93
services,2024,5,116.03
services,2024,6,116.35
services,2024,7,117.77
services,2024,8,118.39
services,2024,9,115.81
services,2024,10,116.07
services,2024,11,115.74
services,2024,12,116.31
services,2025,1,116.69
services,2025,2,117.41
services,2025,3,117.45
services,2025,4,118.7
services,2025,5,118.46
services,2025,6,119.19
services,2025,7,120.7
services,2025,8,120.92
services,2025,9,118.63
services,2025,10,118.82
services,2025,11,118.26
services,2025,12,118.77
tabac,1990,1,19.08
tabac,1990,2,19.08
tabac,1990,3,19.08
tabac,1990,4,19.08
tabac,1990,5,19.08
tabac,1990,6,19.08
tabac,1990,7,19.08
tabac,1990,8,19.08
tabac,1990,9,19.08
tabac,1990,10,19.08
tabac,1990,11,19.08
tabac,1990,12,19.08
tabac,1991,1,19.08
tabac,1991,2,19.08
tabac,1991,3,19.08
tabac,1991,4,19.08
tabac,1991,5,19.08
tabac,1991,6,19.08
tabac,1991,7,19.08
tabac,1991,8,19.08
tabac,1991,9,19.11
tabac,1991,10,20.03
tabac,1991,11,20.03
tabac,1991,12,20.03
tabac,1992,1,20.03
tabac,1992,2,20.03
tabac,1992,3,20.03
tabac,1992,4,20.31
tabac,1992,5,22.04
tabac,1992,6,22.04
tabac,1992,7,22.04
tabac,1992,8,22.04
tabac,1992,9,22.04
tabac,1992,10,22.04
tabac,1992,11,22.04
tabac,1992,12,22.04
tabac,1993,1,23.24
tabac,1993,2,24.69
tabac,1993,3,24.69
tabac,1993,4,24.69
tabac,1993,5,25.09
tabac,1993,6,26.25
tabac,1993,7,26.25
tabac,1993,8,26.25
tabac,1993,9,26.25
tabac,1993,10,26.25
tabac,1993,11,26.25
tabac,1993,12,26.25
tabac,1994,1,28.56
tabac,1994,2,29.51
tabac,1994,3,29.51
tabac,1994,4,29.51
tabac,1994,5,29.51
tabac,1994,6,29.51
tabac,1994,7,29.51
tabac,1994,8,29.51
tabac,1994,9,29.51
tabac,1994,10,29.51
tabac,1994,11,31.09
tabac,1994,12,31.48
tabac,1995,1,31.48
tabac,1995,2,31.48
tabac,1995,3,31.48
tabac,1995,4,31.48
tabac,1995,5,31.48
tabac,1995,6,31.48
tabac,1995,7,31.48
tabac,1995,8,33.36
tabac,1995,9,33.36
tabac,1995,10,33.36
tabac,1995,11,33.36
tabac,1995,12,33.36
tabac,1996,1,34.36
tabac,1996,2,34.65
tabac,1996,3,34.65
tabac,1996,4,34.65
tabac,1996,5,34.65
tabac,1996,6,34.65
tabac,1996,7,34.65
tabac,1996,8,34.65
tabac,1996,9,34.65
tabac,1996,10,34.65
tabac,1996,11,34.65
tabac,1996,12,35.73
tabac,1997,1,37.49
tabac,1997,2,37.49
tabac,1997,3,37.49
tabac,1997,4,37.49
tabac,1997,5,37.49
tabac,1997,6,37.49
tabac,1997,7,37.49
tabac,1997,8,37.49
tabac,1997,9,37.49
tabac,1997,10,37.49
tabac,1997,11,37.49
tabac,1997,12,37.49
tabac,1998,1,38.48
tabac,1998,2,38.63
tabac,1998,3,38.63
tabac,1998,4,38.63
tabac,1998,5,38.58
tabac,1998,6,38.58
tabac,1998,7,38.58
tabac,1998,8,38.58
tabac,1998,9,38.58
tabac,1998,10,38.58
tabac,1998,11,38.59
tabac,1998,12,38.6
tabac,1999,1,40.14
tabac,1999,2,40.31
tabac,1999,3,40.31
tabac,1999,4,40.31
tabac,1999,5,40.31
tabac,1999,6,40.31
tabac,1999,7,40.31
tabac,1999,8,40.31
tabac,1999,9,40.31
tabac,1999,10,40.31
tabac,1999,11,40.31
tabac,1999,12,40.32
tabac,2000,1,42.13
tabac,2000,2,42.13
tabac,2000,3,42.13
tabac,2000,4,42.14
tabac,2000,5,42.14
tabac,2000,6,42.14
tabac,2000,7,42.14
tabac,2000,8,42.14
tabac,2000,9,42.14
tabac,2000,10,42.15
tabac,2000,11,42.15
tabac,2000,12,42.15
tabac,2001,1,43.87
tabac,2001,2,44.35
tabac,2001,3,44.35
tabac,2001,4,44.36
tabac,2001,5,44.36
tabac,2001,6,44.37
tabac,2001,7,44.36
tabac,2001,8,44.36
tabac,2001,9,44.36
tabac,2001,10,44.36
tabac,2001,11,44.36
tabac,2001,12,44.36
tabac,2002,1,48.03
tabac,2002,2,48.03
tabac,2002,3,48.1
tabac,2002,4,48.11
tabac,2002,5,48.11
tabac,2002,6,48.1
tabac,2002,7,47.99
tabac,2002,8,47.99
tabac,2002,9,47.99
tabac,2002,10,47.96
tabac,2002,11,47.96
tabac,2002,12,47.96
tabac,2003,1,52.37
tabac,2003,2,53.23
tabac,2003,3,53.23
tabac,2003,4,53.13
tabac,2003,5,53.1
tabac,2003,6,53.1
tabac,2003,7,53.1
tabac,2003,8,53.1
tabac,2003,9,53.1
tabac,2003,10,56.7
tabac,2003,11,62.43
tabac,2003,12,62.44
tabac,2004,1,67.7
tabac,2004,2,68.49
tabac,2004,3,68.52
tabac,2004,4,68.48
tabac,2004,5,68.48
tabac,2004,6,68.48
tabac,2004,7,68.48
tabac,2004,8,68.48
tabac,2004,9,68.46
tabac,2004,10,68.37
tabac,2004,11,68.37
tabac,2004,12,68.39
tabac,2005,1,68.39
tabac,2005,2,68.45
tabac,2005,3,68.47
tabac,2005,4,68.63
tabac,2005,5,68.65
tabac,2005,6,68.65
tabac,2005,7,68.8
tabac,2005,8,68.87
tabac,2005,9,68.88
tabac,2005,10,68.88
tabac,2005,11,68.88
tabac,2005,12,68.88
tabac,2006,1,68.88
tabac,2006,2,68.88
tabac,2006,3,68.89
tabac,2006,4,68.89
tabac,2006,5,68.91
tabac,2006,6,68.96
tabac,2006,7,68.98
tabac,2006,8,68.99
tabac,2006,9,68.99
tabac,2006,10,68.99
tabac,2006,11,68.99
tabac,2006,12,68.99
tabac,2007,1,68.99
tabac,2007,2,68.99
tabac,2007,3,68.99
tabac,2007,4,69.01
tabac,2007,5,69.01
tabac,2007,6,69.03
tabac,2007,7,69.03
tabac,2007,8,72.58
tabac,2007,9,73.27
tabac,2007,10,73.29
tabac,2007,11,73.29
tabac,2007,12,73.29
tabac,2008,1,73.32
tabac,2008,2,73.32
tabac,2008,3,73.32
tabac,2008,4,73.32
tabac,2008,5,73.32
tabac,2008,6,73.32
tabac,2008,7,73.32
tabac,2008,8,73.51
tabac,2008,9,73.74
tabac,2008,10,73.74
tabac,2008,11,73.74
tabac,2008,12,73.74
tabac,2009,1,73.73
tabac,2009,2,73.76
tabac,2009,3,73.76
tabac,2009,4,73.78
tabac,2009,5,73.88
tabac,2009,6,73.89
tabac,2009,7,73.91
tabac,2009,8,73.94
tabac,2009,9,73.94
tabac,2009,10,73.94
tabac,2009,11,77.03
tabac,2009,12,78.16
tabac,2010,1,78.25
tabac,2010,2,78.2
tabac,2010,3,78.2
tabac,2010,4,78.19
tabac,2010,5,78.19
tabac,2010,6,78.19
tabac,2010,7,78.11
tabac,2010,8,78.09
tabac,2010,9,78.09
tabac,2010,10,78.09
tabac,2010,11,81.47
tabac,2010,12,82.5
tabac,2011,1,82.5
tabac,2011,2,82.51
tabac,2011,3,82.51
tabac,2011,4,82.49
tabac,2011,5,82.49
tabac,2011,6,82.49
tabac,2011,7,82.5
tabac,2011,8,82.52
tabac,2011,9,82.52
tabac,2011,10,84.73
tabac,2011,11,87.12
tabac,2011,12,87.12
tabac,2012,1,87.15
tabac,2012,2,87.15
tabac,2012,3,87.15
tabac,2012,4,87.15
tabac,2012,5,87.15
tabac,2012,6,87.15
tabac,2012,7,87.21
tabac,2012,8,87.26
tabac,2012,9,87.26
tabac,2012,10,93.12
tabac,2012,11,93.13
tabac,2012,12,93.13
tabac,2013,1,93.19
tabac,2013,2,93.21
tabac,2013,3,93.21
tabac,2013,4,93.29
tabac,2013,5,93.29
tabac,2013,6,93.29
tabac,2013,7,94.98
tabac,2013,8,96.39
tabac,2013,9,96.39
tabac,2013,10,96.39
tabac,2013,11,96.39
tabac,2013,12,96.39
tabac,2014,1,98.45
tabac,2014,2,99.76
tabac,2014,3,99.77
tabac,2014,4,99.77
tabac,2014,5,99.77
tabac,2014,6,99.77
tabac,2014,7,99.78
tabac,2014,8,99.79
tabac,2014,9,99.79
tabac,2014,10,99.79
tabac,2014,11,99.79
tabac,2014,12,99.79
tabac,2015,1,99.79
tabac,2015,2,99.79
tabac,2015,3,100.04
tabac,2015,4,100.04
tabac,2015,5,100.04
tabac,2015,6,100.04
tabac,2015,7,100.04
tabac,2015,8,100.04
tabac,2015,9,100.04
tabac,2015,10,100.04
tabac,2015,11,100.04
tabac,2015,12,100.04
tabac,2016,1,100.04
tabac,2016,2,100.04
tabac,2016,3,100.06
tabac,2016,4,100.09
tabac,2016,5,100.09
tabac,2016,6,100.09
tabac,2016,7,100.13
tabac,2016,8,100.17
tabac,2016,9,100.17
tabac,2016,10,100.17
tabac,2016,11,100.17
tabac,2016,12,100.17
tabac,2017,1,100.17
tabac,2017,2,101.04
tabac,2017,3,102.87
tabac,2017,4,102.94
tabac,2017,5,102.72
tabac,2017,6,102.54
tabac,2017,7,102.54
tabac,2017,8,102.54
tabac,2017,9,102.54
tabac,2017,10,102.55
tabac,2017,11,104.6
tabac,2017,12,106.19
tabac,2018,1,105.97
tabac,2018,2,105.98
tabac,2018,3,119.92
tabac,2018,4,119.96
tabac,2018,5,119.21
tabac,2018,6,119.24
tabac,2018,7,119.74
tabac,2018,8,119.77
tabac,2018,9,119.8
tabac,2018,10,119.79
tabac,2018,11,119.76
tabac,2018,12,119.76
tabac,2019,1,120.77
tabac,2019,2,120.77
tabac,2019,3,129.58
tabac,2019,4,129.65
tabac,2019,5,130.0
tabac,2019,6,130.01
tabac,2019,7,130.23
tabac,2019,8,130.24
tabac,2019,9,130.28
tabac,2019,10,130.28
tabac,2019,11,138.11
tabac,2019,12,138.12
tabac,2020,1,138.21
tabac,2020,2,138.26
tabac,2020,3,147.41
tabac,2020,4,147.41
tabac,2020,5,148.04
tabac,2020,6,148.11
tabac,2020,7,148.19
tabac,2020,8,148.2
tabac,2020,9,148.19
tabac,2020,10,148.18
tabac,2020,11,155.4
tabac,2020,12,155.34
tabac,2021,1,155.83
tabac,2021,2,155.9
tabac,2021,3,155.92
tabac,2021,4,155.95
tabac,2021,5,155.96
tabac,2021,6,155.96
tabac,2021,7,155.71
tabac,2021,8,155.71
tabac,2021,9,155.33
tabac,2021,10,155.33
tabac,2021,11,155.33
tabac,2021,12,155.33
tabac,2022,1,155.68
tabac,2022,2,155.78
tabac,2022,3,155.79
tabac,2022,4,155.8
tabac,2022,5,155.74
tabac,2022,6,155.74
tabac,2022,7,155.79
tabac,2022,8,155.78
tabac,2022,9,155.8
tabac,2022,10,155.8
tabac,2022,11,155.84
tabac,2022,12,155.85
tabac,2023,1,156.05
tabac,2023,2,156.06
tabac,2023,3,167.94
tabac,2023,4,170.51
tabac,2023,5,171.06
tabac,2023,6,171.07
tabac,2023,7,171.12
tabac,2023,8,171.13
tabac,2023,9,171.15
tabac,2023,10,171.15
tabac,2023,11,171.16
tabac,2023,12,171.16
tabac,2024,1,182.22
tabac,2024,2,185.18
tabac,2024,3,185.92
tabac,2024,4,185.94
tabac,2024,5,185.97
tabac,2024,6,186.03
tabac,2024,7,186.04
tabac,2024,8,186.05
tabac,2024,9,185.99
tabac,2024,10,185.99
tabac,2024,11,186.12
tabac,2024,12,186.12
tabac,2025,1,193.17
tabac,2025,2,193.5
tabac,2025,3,193.55
tabac,2025,4,193.57
tabac,2025,5,193.6
tabac,2025,6,193.54
tabac,2025,7,193.56
tabac,2025,8,193.56
tabac,2025,9,193.58
tabac,2025,10,193.58
tabac,2025,11,193.72
tabac,2025,12,193.71
