annee,mois,indice
1990,1,66.42
1990,2,66.56
1990,3,66.72
1990,4,67.09
1990,5,67.19
1990,6,67.18
1990,7,67.2
1990,8,67.64
1990,9,68.12
1990,10,68.42
1990,11,68.31
1990,12,68.26
1991,1,68.64
1991,2,68.82
1991,3,68.95
1991,4,69.16
1991,5,69.38
1991,6,69.55
1991,7,69.73
1991,8,69.81
1991,9,69.92
1991,10,70.28
1991,11,70.55
1991,12,70.32
1992,1,70.44
1992,2,70.74
1992,3,70.97
1992,4,71.12
1992,5,71.35
1992,6,71.31
1992,7,71.27
1992,8,71.23
1992,9,71.43
1992,10,71.63
1992,11,71.7
1992,12,71.66
1993,1,71.94
1993,2,72.19
1993,3,72.56
1993,4,72.65
1993,5,72.75
1993,6,72.71
1993,7,72.77
1993,8,72.77
1993,9,73.0
1993,10,73.13
1993,11,73.2
1993,12,73.17
1994,1,73.26
1994,2,73.47
1994,3,73.64
1994,4,73.84
1994,5,74.0
1994,6,73.97
1994,7,73.96
1994,8,73.95
1994,9,74.18
1994,10,74.34
1994,11,74.35
1994,12,74.33
1995,1,74.52
1995,2,74.75
1995,3,74.98
1995,4,75.07
1995,5,75.18
1995,6,75.18
1995,7,75.04
1995,8,75.4
1995,9,75.67
1995,10,75.75
1995,11,75.81
1995,12,75.88
1996,1,75.97
1996,2,76.26
1996,3,76.75
1996,4,76.84
1996,5,77.0
1996,6,76.91
1996,7,76.77
1996,8,76.62
1996,9,76.85
1996,10,77.05
1996,11,76.98
1996,12,77.14
1997,1,77.31
1997,2,77.47
1997,3,77.53
1997,4,77.56
1997,5,77.67
1997,6,77.65
1997,7,77.55
1997,8,77.75
1997,9,77.89
1997,10,77.85
1997,11,77.98
1997,12,78.02
1998,1,77.78
1998,2,78.07
1998,3,78.2
1998,4,78.36
1998,5,78.38
1998,6,78.44
1998,7,78.18
1998,8,78.23
1998,9,78.2
1998,10,78.16
1998,11,78.11
1998,12,78.19
1999,1,77.97
1999,2,78.21
1999,3,78.47
1999,4,78.69
1999,5,78.7
1999,6,78.69
1999,7,78.48
1999,8,78.61
1999,9,78.74
1999,10,78.79
1999,11,78.82
1999,12,79.17
2000,1,79.17
2000,2,79.27
2000,3,79.64
2000,4,79.64
2000,5,79.8
2000,6,80.0
2000,7,79.87
2000,8,80.02
2000,9,80.43
2000,10,80.33
2000,11,80.51
2000,12,80.47
2001,1,80.13
2001,2,80.35
2001,3,80.71
2001,4,81.1
2001,5,81.6
2001,6,81.65
2001,7,81.48
2001,8,81.48
2001,9,81.63
2001,10,81.68
2001,11,81.46
2001,12,81.56
2002,1,81.94
2002,2,82.04
2002,3,82.4
2002,4,82.71
2002,5,82.81
2002,6,82.8
2002,7,82.8
2002,8,82.99
2002,9,83.14
2002,10,83.27
2002,11,83.27
2002,12,83.41
2003,1,83.57
2003,2,84.15
2003,3,84.49
2003,4,84.37
2003,5,84.27
2003,6,84.43
2003,7,84.34
2003,8,84.54
2003,9,84.86
2003,10,85.04
2003,11,85.14
2003,12,85.23
2004,1,85.23
2004,2,85.59
2004,3,85.93
2004,4,86.15
2004,5,86.47
2004,6,86.5
2004,7,86.36
2004,8,86.55
2004,9,86.63
2004,10,86.85
2004,11,86.9
2004,12,87.0
2005,1,86.52
2005,2,87.05
2005,3,87.6
2005,4,87.77
2005,5,87.83
2005,6,87.93
2005,7,87.8
2005,8,88.14
2005,9,88.48
2005,10,88.46
2005,11,88.28
2005,12,88.39
2006,1,88.3
2006,2,88.64
2006,3,88.89
2006,4,89.27
2006,5,89.65
2006,6,89.65
2006,7,89.5
2006,8,89.8
2006,9,89.6
2006,10,89.4
2006,11,89.5
2006,12,89.71
2007,1,89.4
2007,2,89.57
2007,3,89.95
2007,4,90.39
2007,5,90.61
2007,6,90.72
2007,7,90.49
2007,8,90.86
2007,9,90.96
2007,10,91.19
2007,11,91.69
2007,12,92.03
2008,1,91.92
2008,2,92.12
2008,3,92.81
2008,4,93.12
2008,5,93.62
2008,6,93.96
2008,7,93.76
2008,8,93.73
2008,9,93.67
2008,10,93.62
2008,11,93.18
2008,12,92.95
2009,1,92.57
2009,2,92.92
2009,3,93.09
2009,4,93.24
2009,5,93.38
2009,6,93.5
2009,7,93.08
2009,8,93.56
2009,9,93.33
2009,10,93.42
2009,11,93.55
2009,12,93.8
2010,1,93.59
2010,2,94.11
2010,3,94.57
2010,4,94.81
2010,5,94.92
2010,6,94.91
2010,7,94.64
2010,8,94.86
2010,9,94.79
2010,10,94.91
2010,11,95.02
2010,12,95.45
2011,1,95.22
2011,2,95.67
2011,3,96.45
2011,4,96.78
2011,5,96.83
2011,6,96.91
2011,7,96.48
2011,8,96.98
2011,9,96.91
2011,10,97.14
2011,11,97.41
2011,12,97.8
2012,1,97.46
2012,2,97.86
2012,3,98.67
2012,4,98.8
2012,5,98.75
2012,6,98.78
2012,7,98.35
2012,8,99.0
2012,9,98.76
2012,10,98.94
2012,11,98.79
2012,12,99.1
2013,1,98.6
2013,2,98.88
2013,3,99.63
2013,4,99.48
2013,5,99.54
2013,6,99.7
2013,7,99.4
2013,8,99.86
2013,9,99.63
2013,10,99.5
2013,11,99.46
2013,12,99.8
2014,1,99.24
2014,2,99.79
2014,3,100.24
2014,4,100.2
2014,5,100.22
2014,6,100.18
2014,7,99.86
2014,8,100.3
2014,9,99.92
2014,10,99.95
2014,11,99.78
2014,12,99.86
2015,1,98.86
2015,2,99.52
2015,3,100.17
2015,4,100.28
2015,5,100.52
2015,6,100.44
2015,7,100.03
2015,8,100.35
2015,9,99.95
2015,10,100.01
2015,11,99.82
2015,12,100.04
2016,1,99.08
2016,2,99.33
2016,3,100.02
2016,4,100.09
2016,5,100.5
2016,6,100.63
2016,7,100.25
2016,8,100.58
2016,9,100.34
2016,10,100.37
2016,11,100.35
2016,12,100.65
2017,1,100.41
2017,2,100.53
2017,3,101.17
2017,4,101.26
2017,5,101.31
2017,6,101.32
2017,7,100.97
2017,8,101.49
2017,9,101.33
2017,10,101.43
2017,11,101.53
2017,12,101.85
2018,1,101.75
2018,2,101.72
2018,3,102.75
2018,4,102.92
2018,5,103.36
2018,6,103.37
2018,7,103.28
2018,8,103.78
2018,9,103.56
2018,10,103.67
2018,11,103.45
2018,12,103.47
2019,1,103.01
2019,2,103.06
2019,3,103.89
2019,4,104.22
2019,5,104.33
2019,6,104.58
2019,7,104.38
2019,8,104.86
2019,9,104.5
2019,10,104.46
2019,11,104.52
2019,12,104.98
2020,1,104.54
2020,2,104.53
2020,3,104.59
2020,4,104.56
2020,5,104.71
2020,6,104.79
2020,7,105.19
2020,8,105.09
2020,9,104.55
2020,10,104.51
2020,11,104.73
2020,12,104.96
2021,1,105.12
2021,2,105.12
2021,3,105.75
2021,4,105.86
2021,5,106.2
2021,6,106.34
2021,7,106.4
2021,8,107.05
2021,9,106.81
2021,10,107.25
2021,11,107.64
2021,12,107.85
2022,1,108.12
2022,2,108.94
2022,3,110.49
2022,4,110.97
2022,5,111.72
2022,6,112.55
2022,7,112.87
2022,8,113.38
2022,9,112.74
2022,10,113.9
2022,11,114.26
2022,12,114.16
2023,1,114.6
2023,2,115.78
2023,3,116.79
2023,4,117.5
2023,5,117.44
2023,6,117.65
2023,7,117.71
2023,8,118.89
2023,9,118.26
2023,10,118.43
2023,11,118.23
2023,12,118.39
2024,1,118.19
2024,2,119.21
2024,3,119.47
2024,4,120.07
2024,5,120.11
2024,6,120.2
2024,7,120.42
2024,8,121.06
2024,9,119.56
2024,10,119.89
2024,11,119.72
2024,12,119.95
2025,1,120.14
2025,2,120.16
2025,3,120.38
2025,4,121.06
2025,5,120.9
2025,6,121.36
2025,7,121.62
2025,8,122.13
2025,9,120.95
2025,10,121.02
2025,11,120.8
2025,12,120.9
