trimestre,annee,trim,contrib_ebe,contrib_salaires,contrib_propriete,contrib_prestations,contrib_autres,contrib_impots,contrib_cotisations,contrib_rdb_nominal,g_prix,g_pa_rdb,g_pa_rdb_uc,contrib_prix,pouvoir_achat_reconstitue
1949T1,1949,1,NA,NA,NA,NA,NA,NA,NA,NA,NA,NA,NA,NA,NA
1949T2,1949,2,1.18479486,1.20489942,0.02950168,0.21043787,-0.00563373,0.6020585,0.10335525,1.91858635,0.61406179,1.29656286,1.05320491,-0.61406179,1.30452456
1949T3,1949,3,1.58451691,0.40035474,0.05789265,0.28625266,-0.01105535,0.42470893,0.00756564,1.88568703,2.81453351,-0.90341944,-1.12632372,-2.81453351,-0.92884648
1949T4,1949,4,1.23945548,0.28107558,0.08523176,0.7892146,-0.01627611,0.19384333,0.02455168,2.16030631,0.42343235,1.72955048,1.51619374,-0.42343235,1.73687396
1950T1,1950,1,1.12994526,1.39582952,0.11123924,0.694113,-0.02124257,0.74358533,0.07218006,2.49411906,1.54907795,0.930625,0.73419927,-1.54907795,0.94504111
1950T2,1950,2,2.33261262,1.97598966,0.15273482,1.12577209,-0.00180837,-0.60489215,0.09860693,6.09158604,1.84606228,4.16856938,3.96201736,-1.84606228,4.24552376
1950T3,1950,3,1.6492617999999999,1.99153046,0.18562955,1.07068675,0.01612656,0.17994489,0.11179133,4.62149889,4.21521753,0.38984841,0.18712585,-4.21521753,0.4062813599999995
1950T4,1950,4,1.923738,2.33399649,0.21725365,0.61528426,0.03245762,0.92341927,0.11363963,4.08567111,2.86995059,1.18180335,0.97381271,-2.86995059,1.2157205199999996
1951T1,1951,1,1.88371508,2.9243747,0.2469866,1.04887082,0.04755799,-0.19817966,0.18411637,6.16556848,5.2443672,0.87529747,0.66430268,-5.2443672,0.92120128
1951T2,1951,2,2.03685062,3.86022453,0.20005867,1.22822933,0.00836081,-0.31515779,0.29449513,7.35438662,5.17509198,2.07206345,1.85945766,-5.17509198,2.1792946399999993
1951T3,1951,3,1.77805325,4.16736308,0.15600154,0.63867881,-0.02615117,0.12983579,0.26163135,6.32247836,3.72608233,2.50312744,2.2905151,-3.72608233,2.5963960299999997
1951T4,1951,4,1.93814769,3.63858831,0.1181778,0.80238111,-0.05651711,0.72247319,0.32289728,5.39540732,5.00446178,0.37231327,0.16498895,-5.00446178,0.3909455400000006
1952T1,1952,1,1.74607725,2.22587735,0.08504233,0.79782219,-0.08391081,-0.18068139,0.14736639,4.80422331,3.22096697,1.53385149,1.32500174,-3.22096697,1.5832563400000002
1952T2,1952,2,0.89721946,1.36962956,0.08076702,0.15189453,-0.04505671,0.462614,0.1383392,1.85350067,0.55185386,1.29450304,1.08593287,-0.55185386,1.30164681
1952T3,1952,3,0.53452583,0.73270671,0.07892714,0.49959446,-0.00986621,0.43911953,0.11663728,1.28013112,0.41868625,0.85785316,0.64997243,-0.41868625,0.8614448700000001
1952T4,1952,4,-0.07057888,0.30069653,0.07756411,0.43287777,0.02419464,-0.22136731,0.12054928,0.8655722,-0.39442429,1.2649859,1.0560577,0.39442429,1.25999649
1953T1,1953,1,-0.38516959,0.13195999,0.07653621,0.45178785,0.05763193,0.25060597,0.13082934,-0.04868893,-0.26695144,0.21884672,0.01187289,0.26695144,0.21826251
1953T2,1953,2,0.20904569,0.55884545,0.07894211,0.06008713,0.01315258,0.2989075,0.1290572,0.49210826,-0.09682104,0.58950006,0.38180947,0.09682104,0.5889293
1953T3,1953,3,-0.10394243,0.56844304,0.08091256,0.21805796,-0.0312013,1.95199483,0.06204955,-1.28177456,-0.00183663,-1.27996143,-1.48374368,0.00183663,-1.27993793
1953T4,1953,4,0.3199646,0.90977086,0.08435077,0.46635547,-0.07647096,-1.94329446,0.03757244,3.60969275,-0.44473949,4.07254445,3.85776494,0.44473949,4.05443224
1954T1,1954,1,0.73861876,1.37738204,0.0837165,0.32655197,-0.11710825,-0.04974728,0.00992302,2.44898527,0.78881685,1.64717523,1.43745205,-0.78881685,1.6601684200000002
1954T2,1954,2,0.89085028,1.30507668,0.0753244,0.45601907,-0.09943383,-0.37654493,0.0501532,2.95422833,0.80447208,2.13260008,1.92186189,-0.80447208,2.14975625
1954T3,1954,3,0.57670862,0.72498332,0.06695548,0.20617855,-0.08213244,1.76994432,0.02982124,-0.30707203,0.5105067,-0.81342613,-1.01809769,-0.5105067,-0.8175787299999999
1954T4,1954,4,0.54645307,0.88947057,0.06093507,0.55548071,-0.06789274,-2.02018798,0.07876282,3.92587185,0.30380139,3.61109988,3.39728664,-0.30380139,3.62207046
1955T1,1955,1,0.45792082,0.85343506,0.05264179,0.54355124,-0.05138283,0.29316684,0.11175438,1.45124486,-0.54231149,2.00442658,1.79391835,0.54231149,1.99355635
1955T2,1955,2,0.47041322,1.07386639,0.05646514,0.57314634,-0.04892016,0.32376182,0.09929807,1.70191103,0.58060006,1.11483822,0.90616737,-0.58060006,1.1213109700000001
1955T3,1955,3,0.417529,1.46386687,0.06002003,0.55391888,-0.04640277,-0.28142791,0.12268258,2.60767734,0.56071893,2.03554473,1.82497623,-0.56071893,2.0469584100000002
1955T4,1955,4,0.45624733,1.64705204,0.06288013,0.33833889,-0.04356793,0.28894691,0.12889438,2.04310917,1.16138774,0.87159879,0.66343557,-1.16138774,0.8817214300000003
1956T1,1956,1,0.46187757,1.64398981,0.06591878,0.45209007,-0.04107319,0.37461729,0.11246841,2.09571733,1.57708854,0.51057655,0.30316247,-1.57708854,0.5186287899999997
1956T2,1956,2,0.36212994,1.58747504,0.09778748,0.39853547,-0.0387776,0.36978869,0.11361092,1.92375072,1.11783042,0.79701107,0.58900389,-1.11783042,0.8059202999999999
1956T3,1956,3,0.80384724,1.52127137,0.12853657,0.49352664,-0.03662062,-0.36501992,0.12905412,3.146527,1.57918503,1.54297553,1.33342784,-1.57918503,1.5673419699999998
1956T4,1956,4,1.04834723,1.41910998,0.15621597,0.48942008,-0.0341219,1.19880405,0.12398053,1.75618678,1.03560985,0.71319106,0.50535551,-1.03560985,0.72057693
1957T1,1957,1,0.96804132,1.40389947,0.18457495,0.56271039,-0.03217524,0.06304539,0.14043502,2.88357048,0.19983386,2.6783843,2.46649397,-0.19983386,2.68373662
1957T2,1957,2,1.15211078,1.59228703,0.16824526,0.49022249,-0.03063446,0.19209539,0.13727977,3.04285592,1.81993606,1.20106131,0.99221846,-1.81993606,1.22291986
1957T3,1957,3,1.42664562,1.8317367,0.15244991,0.64615126,-0.02910971,-1.00496366,0.14548617,4.88735128,3.13165512,1.70238339,1.49250571,-3.13165512,1.7556961599999998
1957T4,1957,4,1.24313953,2.08926663,0.13502376,0.45283853,-0.02716208,1.00551089,0.1601608,2.72743468,3.5482275,-0.79266719,-0.99739538,-3.5482275,-0.8207928199999999
1958T1,1958,1,1.8847635,2.20066402,0.12139036,0.47723018,-0.0258654,0.77936704,0.16948072,3.7093349,3.8852909,-0.16937528,-0.37538824,-3.8852909,-0.17595600000000022
1958T2,1958,2,1.45988943,1.82579329,0.07489965,0.55120087,0.01323518,-1.04891616,0.14911977,4.82481481,2.96744425,1.80384254,1.59375621,-2.96744425,1.8573705600000006
1958T3,1958,3,0.35867333,1.28472348,0.03124323,0.4260468,0.04904434,2.31973474,0.13897298,-0.30897655,1.21755217,-1.50816601,-1.71141802,-1.21755217,-1.52652872
1958T4,1958,4,-0.13243362,0.9868145,-0.00899353,0.46534273,0.08572755,-1.25532312,0.1394837,2.51229705,0.94821585,1.54938964,1.33982834,-0.94821585,1.5640812
1959T1,1959,1,-0.2258345,1.1123922,-0.04811826,0.14628154,0.11926254,0.07070355,0.18510884,0.84817113,2.49623771,-1.60792886,-1.81097334,-2.49623771,-1.64806658
1959T2,1959,2,0.18421374,1.39563512,0.01286866,0.65283156,0.08684545,0.29998374,0.16289536,1.86951543,1.00240278,0.85850695,0.65037135,-1.00240278,0.8671126500000002
1959T3,1959,3,0.78742306,1.17134088,0.07210291,0.66601517,0.05441413,1.23296148,0.10529079,1.41304387,0.96797557,0.44080145,0.23352741,-0.96797557,0.4450683000000001
1959T4,1959,4,1.096973,1.16423679,0.12974004,0.62348509,0.02324809,-0.606614,0.07170006,3.57259695,1.11382859,2.43168357,2.22030152,-1.11382859,2.4587683599999997
1960T1,1960,1,1.74097051,1.17364082,0.18188385,0.10362362,-0.0069128,-0.14254446,0.01127417,3.32447629,0.66633088,2.6405506,2.42873889,-0.66633088,2.65814541
1960T2,1960,2,1.19613907,1.11614131,0.13097362,0.38666039,-0.01729767,0.02656093,0.06624856,2.71980723,0.67043605,2.03572296,1.82515803,-0.67043605,2.0493711799999996
1960T3,1960,3,0.52930195,1.25221863,0.08364066,0.41625796,-0.02716611,0.07278822,0.11861975,2.06284512,0.58378565,1.47047505,1.26107614,-0.58378565,1.47905947
1960T4,1960,4,0.12412788,1.3736375,0.03897168,0.44730871,-0.03673476,0.11729909,0.16939693,1.66061499,0.5714418,1.08298456,0.87438574,-0.5714418,1.08917319
1961T1,1961,1,-0.25084867,1.1682859,-0.00394134,0.41277703,-0.04608716,0.16061394,0.19710725,0.92246458,0.53049608,0.3899001,0.18273288,-0.53049608,0.39196849999999994
1961T2,1961,2,0.01218318,1.48636253,0.06178485,0.59649099,-0.04328634,0.14462834,0.20116163,1.76774524,1.10234079,0.6581494,0.45042728,-1.10234079,0.66540445
1961T3,1961,3,1.12751361,1.52009156,0.12526072,0.72308492,-0.0401962,0.12785073,0.18779655,3.14010734,0.80967391,2.31171607,2.10058114,-0.80967391,2.3304334300000003
1961T4,1961,4,1.33828078,1.61220682,0.18403105,0.85188069,-0.03670538,0.11012725,0.17846616,3.66110056,0.97914987,2.65594501,2.44410016,-0.97914987,2.68195069
1962T1,1962,1,1.8990888,1.70302016,0.23790501,0.9670304500000002,-0.03322204,0.09289521,0.16859602,4.51233115,1.47052426,2.99772462,2.78517582,-1.47052426,3.0418068899999997
1962T2,1962,2,1.40637905,1.55025819,0.17399883,0.81284927,-0.04036284,0.10251858,0.14866517,3.65193874,1.05459106,2.57024213,2.35857414,-1.05459106,2.59734768
1962T3,1962,3,0.61321238,1.67279406,0.11612347,0.71672992,-0.04721379,0.11206034,0.14476849,2.81481721,0.60988954,2.19156156,1.98067459,-0.60988954,2.20492767
1962T4,1962,4,0.29516001,1.91607018,0.06261603,0.65167687,-0.05396773,0.12178605,0.14878674,2.60098257,0.7163666,1.87121124,1.6609858,-0.7163666,1.8846159700000003
1963T1,1963,1,0.82904753,1.79436215,0.01197626,1.23619257,-0.06044219,0.59690881,0.42990413,2.78432339,0.46264453,2.31098721,2.09985558,-0.46264453,2.32167886
1963T2,1963,2,0.16462044,2.08801992,0.02546842,0.74794555,-0.05163612,0.36497785,0.20799624,2.40144412,2.41267469,-0.010966,-0.2173073,-2.41267469,-0.01123056999999994
1963T3,1963,3,0.79128543,1.6087819,0.03836372,0.57117287,-0.04342456,-1.34541335,0.15241366,4.15917904,1.9839751,2.13288798,1.92212209,-1.9839751,2.1752039399999994
1963T4,1963,4,0.34174608,1.57322846,0.04978562,0.62622369,-0.03496948,1.28717657,0.1603504,1.10848739,0.72048622,0.38522567,0.17806678,-0.72048622,0.3880011700000001
1964T1,1964,1,0.53905185,1.55153575,0.06205158,0.60751394,-0.02793869,0.68752941,0.17558454,1.86910047,0.2145937,1.65096391,1.44119432,-0.2145937,1.65450677
1964T2,1964,2,0.47129981,1.29898973,0.06366834,0.68414754,-0.0305613,-0.30137467,0.11310825,2.67581054,0.55589579,2.10819537,1.89748088,-0.55589579,2.11991475
1964T3,1964,3,0.53230271,1.09433134,0.06469258,0.37862121,-0.03281836,1.0098787,0.09937112,0.92787965,0.78659042,0.14018653,-0.06646713,-0.78659042,0.14128922999999993
1964T4,1964,4,0.45255013,1.17082466,0.06675665,0.50418619,-0.03554209,-0.48053859,0.14313222,2.4961819,0.67317345,1.8108185,1.60071769,-0.67317345,1.82300845
1965T1,1965,1,0.56513784,0.81810724,0.06772492,0.61751038,-0.03762827,0.47614206,0.11478459,1.43992547,0.79466214,0.64017608,0.43249239,-0.79466214,0.6452633299999999
1965T2,1965,2,0.70140655,0.96203146,0.05701795,0.37634861,-0.0338727,-0.01610697,0.11675218,1.96228665,0.4239591,1.5318332,1.32230812,-0.4239591,1.53832755
1965T3,1965,3,0.75541915,0.96882704,0.04636255,0.3881124,-0.03006137,0.37982604,0.14275015,1.60608358,0.48667381,1.11398829,0.90532504,-0.48667381,1.1194097699999999
1965T4,1965,4,0.71548797,1.05788123,0.03622271,0.59647696,-0.02647668,0.01475096,0.10943776,2.25540346,0.89216657,1.35118209,1.14202981,-0.89216657,1.36323689
1966T1,1966,1,0.64706918,1.07954153,0.02622425,0.34561292,-0.02285178,0.36092433,0.14149969,1.57317209,1.0826195,0.48529865,0.27793456,-1.0826195,0.49055258999999984
1966T2,1966,2,0.73423481,1.13713406,0.05595941,0.44980108,-0.01533593,0.39825688,0.1710757,1.79246084,0.36921814,1.41800716,1.20871697,-0.36921814,1.4232426999999999
1966T3,1966,3,0.8191287,1.0327867,0.08458459,0.52081493,-0.00803008,-0.12611794,0.16216009,2.41324269,0.81294903,1.587389,1.37774882,-0.81294903,1.6002936600000002
1966T4,1966,4,0.63936004,1.14688187,0.11150428,0.47196489,-9.708500000000002e-4,-0.63722043,0.16054704,2.84541363,0.60548201,2.22645086,2.01549234,-0.60548201,2.23993162
1967T1,1967,1,0.90931667,1.24345501,0.1365322,0.49957968,0.00573595,0.76937019,0.2086372,1.81661211,1.05060537,0.7580427,0.55011577,-1.05060537,0.7660067399999999
1967T2,1967,2,0.77251831,0.70067663,0.12373824,0.46604944,-0.0162573,0.42639746,0.09094360000000001,1.52938426,0.67598381,0.84767034,0.63955712,-0.67598381,0.8534004500000001
1967T3,1967,3,0.64491289,0.93139276,0.11167238,0.45922545,-0.03757356,-1.25717694,0.05196411,3.31484274,0.72428157,2.57193313,2.3602612,-0.72428157,2.59056117
1967T4,1967,4,0.45883346,0.60391307,0.09821478,0.29388817,-0.05723739,0.47067937,0.25307703,0.67385569,1.05661242,-0.37875476,-0.58433707,-1.05661242,-0.38275673
1968T1,1968,1,0.26844213,1.5868844,0.08774888,0.47261984,-0.07758396,1.0604518,0.05334036,1.22431913,1.50948554,-0.28092587,-0.48670876,-1.50948554,-0.28516641
1968T2,1968,2,0.41578241,1.00144194,0.10329204,0.35691398,-0.07176345,0.4814181,-0.21355714,1.53780596,0.25002693,1.28456726,1.07555244,-0.25002693,1.28777903
1968T3,1968,3,1.0379036,5.41347927,0.11808068,2.16862145,-0.06586841,0.17643172,0.95678487,7.539,2.50093484,4.9151407,4.69863323,-2.50093484,5.0380651599999995
1968T4,1968,4,0.68251549,1.55073653,0.12500925,0.45684855,-0.05677961,-0.07501522,0.10123682,2.73210861,1.49286263,1.22101786,1.01213419,-1.49286263,1.23924598
1969T1,1969,1,0.53708492,1.15714517,0.13648687,0.55707193,-0.05091739,0.75078972,0.24964285,1.33643892,2.51895181,-1.15345785,-1.35744015,-2.51895181,-1.18251289
1969T2,1969,2,0.71936994,1.57394174,0.13098812,0.66862217,-0.05048075,0.04829642,0.18359812,2.81054669,1.20613204,1.58529391,1.3756585,-1.20613204,1.6044146499999998
1969T3,1969,3,0.8670995,1.54976677,0.12380965,0.35473962,-0.04932919,-0.26410773,0.15050573,2.95968835,1.26530897,1.67320812,1.46339084,-1.26530897,1.69437938
1969T4,1969,4,0.84562536,2.14828471,0.1167564,0.42349145,-0.04813305,0.74418458,0.08985639,2.6519839100000002,1.50827938,1.12671058,0.91802152,-1.50827938,1.1437045300000002
1970T1,1970,1,0.83133365,2.07649157,0.11033609,0.85582526,-0.04710569,-0.23967886,0.1828456,3.88371415,0.87953678,2.9779849,2.76547683,-0.87953678,3.00417737
1970T2,1970,2,0.75117501,1.99573869,0.14113666,0.35134876,-0.03984576,0.16725839,-0.04492472,3.0772197,1.39150223,1.66258259,1.45278769,-1.39150223,1.6857174700000002
1970T3,1970,3,0.53873314,1.51607892,0.17080609,0.38801986,-0.03332151,0.16839938,0.08841479,2.32350233,1.39311799,0.91760108,0.70934311,-1.39311799,0.9303843400000003
1970T4,1970,4,0.22476443,1.92165534,0.20004098,0.72251258,-0.02735129,0.21331385,0.32400649,2.50430171,0.98237117,1.50712498,1.2976509,-0.98237117,1.52193054
1971T1,1971,1,0.3259665,1.97176905,0.22745821,0.55859527,-0.02159686,-0.42873753,0.18967848,3.30125121,1.51638096,1.7582091,1.54821823,-1.51638096,1.7848702500000002
1971T2,1971,2,0.43214035,1.68889986,0.18507735,0.66303123,-0.00291845,0.90209376,-0.02010222,2.0842388,1.66510625,0.41226786,0.20505314,-1.66510625,0.41913255000000005
1971T3,1971,3,0.46772144,1.72939224,0.14690368,0.64298652,0.0147621,-0.11657964,0.31626934,2.80207628,1.20330801,1.5797589,1.37013443,-1.20330801,1.59876827
1971T4,1971,4,0.84224958,1.66399111,0.10944205,0.59466063,0.0315004,-0.51038621,0.42242357,3.32980642,1.45028029,1.85265741,1.64247019,-1.45028029,1.8795261300000001
1972T1,1972,1,0.97454692,1.48948821,0.07353597,0.688248,0.04707361,1.15994242,0.03324872,2.07970156,1.09737623,0.97166254,0.76329468,-1.09737623,0.9823253300000001
1972T2,1972,2,0.94664164,1.74243953,0.05932592,0.76546193,-0.01634914,0.03916792,0.33094789,3.12740406,1.40133241,1.70221792,1.49234125,-1.40133241,1.72607165
1972T3,1972,3,0.93324246,1.72592497,0.04520043,0.62579144,-0.0764228,0.04421526,0.25028102,2.95924021,1.7657422,1.17278957,0.96400512,-1.7657422,1.1934980099999999
1972T4,1972,4,0.75326748,2.01501687,0.03192919,0.8066174,-0.13305485,-0.5606139,0.40647299,3.627917,1.73930674,1.85632311,1.64612867,-1.73930674,1.88861026
1973T1,1973,1,0.49610531,2.42791246,0.01925841,1.04797415,-0.18516577,1.19321697,0.08715607,2.52571153,0.96732293,1.54345838,1.33391103,-0.96732293,1.5583886000000002
1973T2,1973,2,0.59397464,2.14364894,0.10854893,0.40709535,-0.10192981,-0.25894953,0.15014759,3.26013999,1.96872739,1.26647908,1.05750147,-1.96872739,1.2914126
1973T3,1973,3,0.92062151,2.29120937,0.19205269,0.97123645,-0.02252118,0.00354161,0.35827768,3.99077955,2.7733033,1.18462306,0.97581343,-2.7733033,1.2174762500000003
1973T4,1973,4,0.67609675,2.6284249,0.26827722,0.79954059,0.05160968,0.11324759,0.0716227,4.23907886,2.80991054,1.39010755,1.18087382,-2.80991054,1.42916832
1974T1,1974,1,1.00277093,2.70733594,0.33756248,0.75460935,0.11979794,1.78722578,0.51446189,2.62038897,4.0971369,-1.41862493,-1.6220616,-4.0971369,-1.4767479299999997
1974T2,1974,2,0.88445958,3.77100231,0.29664966,1.39586034,0.08271529,-1.11436868,0.24356023,7.30149561,3.9630454,3.21118932,2.99819913,-3.9630454,3.33845021
1974T3,1974,3,0.56326932,2.56796828,0.24636788,1.11850005,0.04537835,0.51551279,0.23319453,3.79277656,3.20042775,0.57397903,0.3664327,-3.20042775,0.5923488100000003
1974T4,1974,4,0.50868346,2.04549869,0.20836911,0.86819878,0.01317037,-0.14726497,-0.04042915,3.83161454,2.82191795,0.98198576,0.77359996,-2.82191795,1.00969659
1975T1,1975,1,0.17319837,2.3175403,0.17275381,1.75223755,-0.01673805,0.98959085,0.67965071,2.72975041,2.87734324,-0.14346486,-0.34952484,-2.87734324,-0.14759283000000023
1975T2,1975,2,0.15867051,2.35032321,0.15346447,1.36187065,-0.02162971,0.49423,0.42573574,3.08273339,2.58462203,0.48556143,0.27819353,-2.58462203,0.4981113600000002
1975T3,1975,3,0.35599662,2.22375317,0.13461572,1.41112796,-0.0261597,-0.12065604,0.22008378,3.99990602,2.06335664,1.89739927,1.68710876,-2.06335664,1.9365493800000002
1975T4,1975,4,0.65630082,1.92623742,0.11572741,1.05598104,-0.03013132,-0.49029885,0.37150649,3.84290774,2.00568288,1.8011005,1.59100062,-2.00568288,1.8372248599999996
1976T1,1976,1,0.44465935,2.35421429,0.09824119,0.46511053,-0.03380977,1.35414574,0.39907361,1.57519625,2.47723995,-0.88023808,-1.08481112,-2.47723995,-0.9020436999999999
1976T2,1976,2,0.6762279,2.55743876,0.06036128,0.81130943,-0.01522899,1.03533178,0.41886508,2.63591152,2.11776641,0.50739957,0.29999655,-2.11776641,0.5181451099999999
1976T3,1976,3,0.7990774,2.43213198,0.02338836,0.84590072,0.00275486,-0.03868852,0.44598574,3.69595611,2.42311376,1.2427296,1.03384406,-2.42311376,1.27284235
1976T4,1976,4,0.56336362,2.03901509,-0.01160541,0.89674793,0.01962237,-0.01153994,0.47554044,3.0431431,2.5455855,0.48520626,0.27791894,-2.5455855,0.49755759999999993
1977T1,1977,1,0.5404747,1.79414653,-0.044414,0.82263271,0.03550752,0.60503568,0.40062578,2.142686,1.77641688,0.35987622,0.15288334,-1.77641688,0.3662691199999999
1977T2,1977,2,0.83525703,1.82500059,0.02518862,0.87966811,0.01888479,0.31396635,0.10361346,3.16641933,2.87777528,0.28056988,0.07359401,-2.87777528,0.28864405000000026
1977T3,1977,3,0.71597888,1.72767743,0.09097877,1.02162204,0.00291462,-0.01399536,0.25894041,3.31422669,2.1678758,1.12202674,0.91316814,-2.1678758,1.14635089
1977T4,1977,4,0.89492428,2.07896225,0.15248822,1.02402087,-0.01207571,0.30452592,0.27090501,3.56288898,1.68701405,1.84475368,1.63425712,-1.68701405,1.87587493
1978T1,1978,1,1.02848758,2.05706776,0.20945359,0.95137002,-0.02604461,0.0083955,0.16586269,4.04607615,1.50306945,2.50534956,2.29334329,-1.50306945,2.5430067000000003
1978T2,1978,2,0.88370134,1.92738487,0.21221643,1.42953679,-0.03162563,0.67815769,0.33229094,3.41076517,2.45705393,0.93084,0.72269191,-2.45705393,0.9537112400000001
1978T3,1978,3,0.9185039,1.96201201,0.21576513,0.90180891,-0.03695888,0.03065067,0.43607408,3.49440632,2.78684324,0.68837903,0.48132839,-2.78684324,0.7075630799999999
1978T4,1978,4,0.74678561,1.92184895,0.21867201,0.98471294,-0.04187205,0.1224351,0.45848129,3.24923106,2.36480433,0.86399494,0.65717885,-2.36480433,0.8844267299999999
1979T1,1979,1,0.65916095,1.60604555,0.22166172,0.69758882,-0.04652152,0.32416025,0.54194892,2.27182636,2.28342117,-0.01133596,-0.2157695,-2.28342117,-0.011594810000000066
1979T2,1979,2,0.71618737,1.80557286,0.18210736,0.81008999,-0.02696542,0.59733422,0.82859751,2.06106042,2.69003986,-0.61250287,-0.81815839,-2.69003986,-0.6289794400000002
1979T3,1979,3,0.64730024,2.24176663,0.14449869,0.97209444,-0.00827224,0.14949794,0.54174752,3.3061423,3.36651622,-0.05840762,-0.26765825,-3.36651622,-0.06037391999999997
1979T4,1979,4,0.620617,2.41278697,0.10702904,0.9588936400000002,0.00956031,0.72375986,0.44495811,2.94016899,2.52191987,0.40796068,0.19529002,-2.52191987,0.41824912000000003
1980T1,1980,1,0.9104424900000002,2.35780851,-0.2120502,1.13829682,0.05408799,0.41897938,0.46962263,3.3599836,3.26937872,0.08773645,-0.12667531,-3.26937872,0.09060487999999989
1980T2,1980,2,0.69255513,2.4251259,0.10140044,0.79810091,0.01399643,0.06400296,0.34200338,3.62517248,3.55257638,0.07010554,-0.1437041,-3.55257638,0.07259609999999972
1980T3,1980,3,0.65847509,2.11486852,0.28681945,1.10782645,-0.01185365,0.4346475,0.36649514,3.35499321,2.78956678,0.55008154,0.33581078,-2.78956678,0.56542643
1980T4,1980,4,0.32940809,1.92129504,0.46034137,1.07942957,-0.03600609,0.24206632,0.35258593,3.15981573,3.03248767,0.1235805,-0.089222,-3.03248767,0.12732805999999997
1981T1,1981,1,0.51056972,1.86122484,0.62347311,1.29753282,-0.05868885,0.50948842,0.10717026,3.61745295,3.22977902,0.37554467,0.16276483,-3.22977902,0.38767393000000006
1981T2,1981,2,0.52529075,2.14081122,0.43224973,1.22329911,-0.03035814,-0.448811,0.16373395,4.57636972,2.8991959,1.62991926,1.41208701,-2.8991959,1.6771738199999997
1981T3,1981,3,0.64317322,2.28372487,0.25129272,1.34708209,-0.00389797,0.54182144,0.32608686,3.65346662,3.80133764,-0.14245579,-0.35882464,-3.80133764,-0.14787101999999974
1981T4,1981,4,0.82203112,2.55159752,0.08610556,1.11682703,0.02048527,1.23962335,0.57825919,2.77916397,3.32043142,-0.52387262,-0.74172543,-3.32043142,-0.5412674499999999
1982T1,1982,1,0.90317969,2.48706469,-0.06832542,1.57054093,0.04352159,-0.26254216,0.70832341,4.49020022,2.82879433,1.61570103,1.39081904,-2.82879433,1.6614058900000002
1982T2,1982,2,0.72088689,1.83223749,0.0252386,1.10580091,0.01617477,-0.31731886,0.27933517,3.73832234,2.64069557,1.0693875,0.84916663,-2.64069557,1.0976267699999998
1982T3,1982,3,0.3654816,1.19042521,0.11169113,0.95989635,-0.00896662,0.44562475,0.31569505,1.85720786,1.71157969,0.14317757,-0.07162588,-1.71157969,0.14562816999999995
1982T4,1982,4,0.4232479,1.22651792,0.19542374,1.09619772,-0.03291385,2.0625348,0.36828497,0.47765366,1.86650558,-1.36340392,-1.57164807,-1.86650558,-1.38885192
1983T1,1983,1,1.03666715,1.61073538,0.27985611,0.73554484,-0.0567535,-1.33438343,0.50011854,4.44031487,2.71325439,1.68143877,1.47017611,-2.71325439,1.72706048
1983T2,1983,2,0.55411204,1.33756676,0.25482003,0.75858606,-0.02236361,0.89255786,0.34381868,1.64634475,2.7765494,-1.09967172,-1.30331798,-2.7765494,-1.13020465
1983T3,1983,3,0.57783341,1.23480027,0.23776765,0.69731689,0.00945767,0.59706601,0.37378241,1.78632748,2.05408546,-0.2623687,-0.46589591,-2.05408546,-0.26775798000000006
1983T4,1983,4,0.37302431,1.20152339,0.2208966,0.6567228,0.04019866,0.27555427,0.10102141,2.11579007,2.01361716,0.10015614,-0.10227142,-2.01361716,0.10217291000000017
1984T1,1984,1,0.26071131,1.06628841,0.20388456,0.9437051,0.06963235,-0.03888728,0.64583157,1.93727743,1.95385415,-0.01625904,-0.21662416,-1.95385415,-0.01657671999999999
1984T2,1984,2,0.30121778,0.9210644,0.21090409,0.28019309,0.04627006,0.41050578,0.57135369,0.77778995,1.627968,-0.83655913,-1.03474852,-1.627968,-0.8501780500000001
1984T3,1984,3,0.34077493,0.8282179,0.22008655,0.71021409,0.0240441,-0.19627188,-0.01164797,2.33125742,1.61223751,0.70761154,0.50687366,-1.61223751,0.7190199100000001
1984T4,1984,4,0.24975171,0.76634144,0.22563658,1.17790378,0.00212569,1.31330805,0.37958325,0.7288679,1.78498272,-1.03759395,-1.2343271200000001,-1.78498272,-1.05611482
1985T1,1985,1,0.43971331,0.81706244,0.23449137,0.12896175000000001,-0.0191057,-0.26169902,0.16990918,1.692913,1.74909347,-0.05521471,-0.25337193,-1.74909347,-0.05618047000000015
1985T2,1985,2,0.52649595,0.91125105,0.18918361,0.84310207,-0.02773368,0.33441408,0.092193,2.01569192,1.31276239,0.69382131,0.49488941,-1.31276239,0.70292953
1985T3,1985,3,0.30225629,0.96633239,0.14485958,0.82341288,-0.03595498,-1.22180096,0.18813603,3.23457108,1.1640281,2.04671861,1.8458304,-1.1640281,2.07054298
1985T4,1985,4,0.26025051,1.02627246,0.10100643,0.38491356,-0.04332294,0.11656443,0.30139579,1.31115979,0.78691921,0.52014745,0.32296682,-0.78691921,0.5242405800000001
1986T1,1986,1,0.24921923,0.89796432,0.06089365,0.59152139,-0.05114684,0.70516685,0.03578273,1.00750216,0.38134424,0.62377917,0.427095,-0.38134424,0.62615792
1986T2,1986,2,0.21455182,0.7110151,0.16814705,0.51892536,-0.03323323,0.18751705,0.24709789,1.14479116,0.52271564,0.61884074,0.42138191,-0.52271564,0.62207552
1986T3,1986,3,0.31899708,0.62373002,0.27288388,0.15693946,-0.01565062,0.01289953,0.33380228,1.01019802,0.64369744,0.36415651,0.16642053,-0.64369744,0.3665005800000001
1986T4,1986,4,0.29412035,0.46122491,0.37572826,0.16709017,0.00154029,-0.20644787,0.15873775,1.34741412,0.71238535,0.63053692,0.43150246,-0.71238535,0.63502877
1987T1,1987,1,0.26884906,0.50126356,0.47490284,0.24954175,0.01832773,0.78883182,0.37757654,0.34647658,0.89032905,-0.53905312,-0.73653365,-0.89032905,-0.54385247
1987T2,1987,2,0.47812054,0.74220528,0.29115612,0.37870676,0.0249824,-0.60519756,0.009338150000000002,2.51103051,0.71407531,1.78421456,1.58213819,-0.71407531,1.7969551999999998
1987T3,1987,3,0.32072097,0.82133463,0.10637796,0.36173187,0.03092385,0.19820824,0.4946781,0.94820294,0.73617325,0.2104802,0.01154566,-0.73617325,0.21202969000000005
1987T4,1987,4,0.37510181,0.89635956,-0.07059884,0.4341271,0.03712523,0.40099358,0.24055321,1.03056807,0.52440552,0.50352205,0.30402395,-0.52440552,0.50616255
1988T1,1988,1,0.29982886,0.95428498,-0.24406122,0.57869135,0.04317215,0.01643012,0.26963993000000003,1.34584608,0.50816246,0.83344835,0.63331427,-0.50816246,0.8376836200000001
1988T2,1988,2,0.31501919,0.88785064,-0.03947702,0.44663796,0.00370788,-0.38732555,0.06795497,1.93310922,0.63457315,1.29034786,1.09148943,-0.63457315,1.29853607
1988T3,1988,3,0.44452586,0.86665387,0.1587964,0.54392479,-0.03451585,0.04737864,0.33226455,1.59974187,0.94619265,0.64742335,0.45198385,-0.94619265,0.6535492199999999
1988T4,1988,4,0.54677952,0.88743262,0.35071069,0.52123683,-0.07152505,-0.3300484,0.2208767,2.3438063,1.05003358,1.28032884,1.08581879,-1.05003358,1.2937727199999998
1989T1,1989,1,0.61446359,0.9779818,0.53264123,0.56121609,-0.10657969,0.62764593,0.62783665,1.32424045,0.93869968,0.38195536,0.19129839,-0.93869968,0.38554077
1989T2,1989,2,0.49020329,0.99608608,0.44728259,0.14475685,-0.02449345,0.84711115,0.24734362,0.95938059,0.9978146200000002,-0.03805431,-0.22647646,-0.9978146200000002,-0.03843403000000023
1989T3,1989,3,0.59432922,0.88436192,0.36537984,0.40159716,0.05566582,-1.00930366,0.26221928,3.04841834,0.75202156,2.27925628,2.08792895,-0.75202156,2.2963967800000002
1989T4,1989,4,0.51518287,1.17931593,0.27921578,0.54397849,0.13158119,0.38809717,0.19102813,2.07014896,0.78375293,1.27639227,1.08838195,-0.78375293,1.2863960300000001
1990T1,1990,1,0.40094797,1.1729496,0.19972591,0.58233025,0.20490152,0.33762624,0.1771401,2.0460889,0.60867161,1.42872107,1.24186382,-0.60867161,1.43741729
1990T2,1990,2,0.25019233,0.95230382,0.1430013,0.40565507,0.10360783,1.14079601,0.20511249,0.50885184,0.59638622,-0.08701543,-0.2706225,-0.59638622,-0.08753437999999991
1990T3,1990,3,0.02794163,0.91272552,0.08982425,0.43873857,0.00639004,-0.8049605,0.18830104,2.09227946,0.66493956,1.41791164,1.23200179,-0.66493956,1.4273398999999998
1990T4,1990,4,0.02102294,0.85265433,0.03660529,0.51612684,-0.08845254,1.14531856,0.18022196,0.01241635,0.66605108,-0.64931,-0.83097894,-0.66605108,-0.65363473
1991T1,1991,1,0.14179909,0.77959541,-0.01477097,0.43719968,-0.18314142,0.02714659,-0.16995536,1.30349056,0.57110239,0.72822924,0.54449722,-0.57110239,0.73238817
1991T2,1991,2,0.30084701,0.61896413,0.06163722,0.4580907,-0.09012896,-0.09557928,0.28406492,1.16092447,0.50814267,0.64948151,0.46587668,-0.50814267,0.6527818000000001
1991T3,1991,3,0.25006921,0.54948059,0.13627332,0.56406728,5.2094e-4,0.47422682,0.25425561,0.77192891,0.89201091,-0.11902033,-0.30123888,-0.89201091,-0.12008200000000002
1991T4,1991,4,0.50199902,0.42639009,0.20999575,0.39746711,0.08944607,0.22640459,0.31564029,1.08325315,1.00302059,0.07943581,-0.10315977,-1.00302059,0.08023256000000001
1992T1,1992,1,0.5561996,0.4278075,0.28171041,0.3765083,0.17646363,0.16391641,0.15106112,1.50371192,0.47467413,1.02417629,0.83984261,-0.47467413,1.0290377899999998
1992T2,1992,2,0.30753563,0.49107297,0.21601471,0.61008816,0.10467308,0.2359116,-0.23969157,1.73316451,0.56844412,1.15813703,0.9785494,-0.56844412,1.1647203899999998
1992T3,1992,3,0.14249192,0.41096979,0.15186037,0.41204808,0.03489199,0.05699643,0.20901636,0.88624935,0.52086171,0.36349433,0.1902432,-0.52086171,0.36538764
1992T4,1992,4,-0.05527271,0.27969972,0.09058334,0.37512664,-0.03281502,-0.05920014,0.17610335,0.54041876,0.35652155,0.18324391,0.01519617,-0.35652155,0.18389720999999998
1993T1,1993,1,-0.03996114,0.27882677,0.03047566,0.4196713,-0.09967685,0.24746995,-0.01992385,0.36178965,0.45319057,-0.09098856,-0.25372126,-0.45319057,-0.09140092
1993T2,1993,2,0.05416842,0.14892796,-0.03810651,0.47493572,-0.09749747,-0.41860247,0.19404925,0.76698134,0.18374,0.58217166,0.4201636,-0.18374,0.5832413399999999
1993T3,1993,3,-0.00211893,0.24472848,-0.10576761,0.61396897,-0.09494917000000001,0.60451403,0.12311066,-0.07176295,0.16761413,-0.23897652,-0.397864,-0.16761413,-0.23937708000000002
1993T4,1993,4,0.21287973,0.29818804,-0.1738435,-0.26011101,-0.09320985,0.07987725,0.09094978,-0.18692362,0.46934416,-0.65320202,-0.80964739,-0.46934416,-0.6562677800000001
1994T1,1994,1,0.3635574,0.21143702,-0.24229635,0.37246414,-0.09157352,0.05436502,0.0284536,0.53077006,0.14754065,0.38266482,0.22638111,-0.14754065,0.38322941000000005
1994T2,1994,2,0.36980544,0.38949995,-0.14062285,0.1442506,-0.07978513,0.50014641,0.00931318,0.17368841,0.22336175,-0.04956263,-0.20732183,-0.22336175,-0.04967334000000001
1994T3,1994,3,0.24464036,0.61307214,-0.04015885,0.17338172,-0.06836147,-0.33463551,0.17498259,1.08222682,0.2581385,0.82196651,0.66067526,-0.2581385,0.82408832
1994T4,1994,4,0.20776798,0.66963984,0.05941829,0.25538398,-0.05646508,-0.09074317,0.15021645,1.07627173,0.13924166,0.93572714,0.77210581,-0.13924166,0.93703007
1995T1,1995,1,-0.01245081,0.63628782,0.15687705,0.22549372,-0.04481822,0.54165839,0.02014784,0.39958332,0.24912365,0.15008578,-0.01438255,-0.24912365,0.15045967000000002
1995T2,1995,2,0.11966324,0.62142558,0.15030009,0.31808016,-0.04492462,-0.39243645,0.24582255,1.31115834,0.11239502,1.19741748,1.03533428,-0.11239502,1.19876332
1995T3,1995,3,0.12360842,0.55864189,0.14247935,0.32481537,-0.0446243,0.1004907,0.17184855,0.83258148,0.43511921,0.39574033,0.23899473,-0.43511921,0.39746227
1995T4,1995,4,0.20607719,0.43559949,0.13547583,0.2772916,-0.0445346,0.10812002,0.10443404,0.79735546,0.42129061,0.37448717,0.22180907,-0.42129061,0.37606485
1996T1,1996,1,0.388442,0.39124127,0.12862319,0.33882876,-0.04445887,0.61025081,0.26557627,0.32684927,0.57798852,-0.24969604,-0.39743322,-0.57798852,-0.25113925
1996T2,1996,2,0.21474556,0.38445883,0.08745823,0.25386498,-0.04590531,-0.24427975,0.11974729,1.01915474,0.37801315,0.63872711,0.49066861,-0.37801315,0.64114159
1996T3,1996,3,0.18845108,0.30363331,0.04624103,0.32079053,-0.04701741,0.51281632,0.11607017,0.18321205,-0.10984441,0.29337872,0.14681533,0.10984441,0.29305645999999996
1996T4,1996,4,0.1218601,0.38039239,0.00589537,-0.0713965,-0.04850377,-0.01861629,0.17005865,0.23680523,0.38801704,-0.15062735,-0.29556321,-0.38801704,-0.15121180999999997
1997T1,1997,1,0.09251314,0.49884047,-0.02728289,0.37049426,-0.04995781,0.53948238,-0.40952737,0.75465216,0.29733557,0.45596085,0.31112518,-0.29733557,0.45731659
1997T2,1997,2,0.20463106,0.42231901,0.03425284,0.25279112,0.00218251,0.77477344,-0.06243258,0.20383569,-0.1132676,0.31746288,0.1774343,0.1132676,0.31710329000000004
1997T3,1997,3,0.16933846,0.47128428,0.10232486,0.42319154,0.0538389,-0.94465444,-0.10158278,2.26621525,0.36851229,1.89073536,1.75317131,-0.36851229,1.8977029600000002
1997T4,1997,4,0.32327494,0.4973965,0.16668902,-0.02301961,0.10316186,0.29926526,0.02877815,0.7394593,0.17437821,0.56409743,0.43290625,-0.17437821,0.5650810900000001
1998T1,1998,1,0.18696306,0.43909929,0.23200918,0.20405247,0.15254985,3.57569641,-2.360028,-9.9455e-4,0.04690987,-0.04788197,-0.17373829,-0.04690987,-0.047904419999999996
1998T2,1998,2,0.20642704,0.61676203,0.11844439,0.26312659,0.08067435,0.25286703,-0.38967496,1.42224234,0.00549161,1.41667293,1.27797765,-0.00549161,1.41675073
1998T3,1998,3,0.15504334,0.80246769,0.00520442,0.17306675,0.00867397,0.14927011,0.03255122,0.9626348400000002,-0.24271038,1.20827784,1.0589417,0.24271038,1.2053452200000003
1998T4,1998,4,0.14863715,0.57840221,-0.10536037,0.32643198,-0.06160211,0.72210708,0.20521435,-0.04081257,-0.30407812,0.26406852,0.105351,0.30407812,0.26326555
1999T1,1999,1,0.15885258,0.62258273,-0.21784973,0.18195828,-0.1318493,-0.04432053,0.19796651,0.46004857,-0.28983292,0.75206121,0.58179705,0.28983292,0.7498814899999999
1999T2,1999,2,0.1371404,0.88433823,-0.06860375,0.23124731,-0.0918906,0.13207836,0.12558799,0.83456523,0.02792786,0.80641216,0.62724695,-0.02792786,0.80663737
1999T3,1999,3,0.33107094,0.86733419,0.07712354,0.22464735,-0.05210088,0.78887709,0.14188419,0.51731386,-0.04753076,0.56511322,0.37763687,0.04753076,0.56484462
1999T4,1999,4,0.26827778,0.96055629,0.22113904,0.24041123,-0.01300442,-0.56356468,0.16911052,2.07183407,0.5753136,1.48796003,1.28999371,-0.5753136,1.49652047
2000T1,2000,1,0.40359801,1.01755608,0.36728153,0.18951945,0.037066,0.72661883,0.01572687,1.27267536,0.74610159,0.52267409,0.1198011,-0.74610159,0.52657377
2000T2,2000,2,0.42573337,0.95685779,0.29303714,0.24106456,0.00915462,0.10213441,0.10575635,1.71795672,0.49905327,1.21285068,0.99974888,-0.49905327,1.21890345
2000T3,2000,3,0.50273288,0.89906345,0.23234403,0.13108677,-0.01318222,0.28525166,0.18985602,1.27693723,0.72912305,0.54384886,0.33128925,-0.72912305,0.5478141799999999
2000T4,2000,4,0.50257392,1.03488391,0.1743735,0.19290926,-0.03491855,-1.16790441,0.17028471,2.86744175,0.6767037,2.17601288,1.95912882,-0.6767037,2.1907380499999998
2001T1,2001,1,0.37202257,0.65656862,0.11600605,0.49974491,-0.0552372,1.59903574,-0.18490868,0.17497789,0.10803355,0.0668721,-0.14638446,-0.10803355,0.06694433999999999
2001T2,2001,2,0.31773392,0.37952935,0.04278598,0.26832127,-0.03394804,-0.15233129,0.51063111,0.61612266,0.78512533,-0.16768612,-0.38016698,-0.78512533,-0.1690026699999999
2001T3,2001,3,0.26557912,0.6326892,-0.03004633,0.80703139,-0.01267727,-0.36367645,0.08873578,1.93751678,0.15477858,1.77998316,1.56363732,-0.15477858,1.7827381999999998
2001T4,2001,4,0.21524221,0.63032946,-0.10066622,0.39520742,0.00822624,-0.01919667,0.19626278,0.97127299,-0.05597602,1.02782434,0.81335482,0.05597602,1.02724901
2002T1,2002,1,0.10098823,0.7816247,-0.17020405,0.24553732,0.0286109,0.33801984,0.00435713,0.64418013,0.44137713,0.2019118,-0.01052997,-0.44137713,0.20280299999999996
2002T2,2002,2,0.1087418,0.80811186,-0.12767992,0.37087976,0.0305038,0.11345346,0.14903356,0.92807026,0.16543918,0.76137148,0.55176431,-0.16543918,0.76263108
2002T3,2002,3,0.13482004,0.48017625,-0.08545213,0.47787513,0.03228023,0.21860062,0.08832073,0.73277818,0.21560584,0.51605968,0.31094984,-0.21560584,0.5171723399999999
2002T4,2002,4,0.2183721,0.43127795,-0.04407543,0.27173915,0.03408738,-1.57514358,0.05018486,2.43635987,0.29005628,2.14009611,1.93570003,-0.29005628,2.14630359
2003T1,2003,1,0.13502716,0.18705988,-0.00324137,0.2033365,0.03527004,1.34966623,0.20132679,-0.99354083,0.75150871,-1.73203316,-1.92482784,-0.75150871,-1.7450495400000001
2003T2,2003,2,0.11691059,0.39304196,0.05333402,0.37826051,0.00193479,0.14101064,0.10714257,0.69532866,6.4319e-4,0.694681,0.4987505,-6.4319e-4,0.69468547
2003T3,2003,3,0.31131807,0.54356451,0.10918277,0.39228483,-0.03153512,0.06457312,0.08509696,1.17514498,0.49968855,0.67209802,0.47782763,-0.49968855,0.67545643
2003T4,2003,4,0.26671318,0.45179745,0.16347868,0.35946381,-0.0642368,0.14413157,0.12083451,0.91225025,0.62474007,0.28572514,0.09380175,-0.62474007,0.28751018000000006
2004T1,2004,1,0.32574871,0.75877866,0.2170626,0.23074409,-0.09642511,0.25118621,0.12728723,1.0574355,0.5291249,0.52552989,0.33474432,-0.5291249,0.5283106
2004T2,2004,2,0.21851102,0.46265646,0.15378891,0.53599819,-0.06122452,-0.17569077,0.08110531,1.40431552,0.66413818,0.73529397,0.55063925,-0.66413818,0.7401773399999999
2004T3,2004,3,0.14172537,0.55380869,0.09150152,0.29774282,-0.02665852,0.04340937,0.09375418,0.92095632,0.42413487,0.49472315,0.31698805,-0.42413487,0.49682145000000005
2004T4,2004,4,0.2895644,0.5861152,0.03105787,0.35225486,0.00699517,0.49353201,0.07777506,0.69468043,0.42975675,0.26379003,0.09289385,-0.42975675,0.26492368
2005T1,2005,1,0.10827252,0.48358193,0.02202801,0.32316571,0.04012684,0.73333699,0.17938182,0.0644562,0.31948897,-0.25422056,-0.4178683,-0.31948897,-0.25503276999999996
2005T2,2005,2,0.13915244,0.59624976,0.03928132,0.34416836,0.02624407,-0.35692414,0.15888106,1.34313903,0.44541482,0.89374335,0.72198879,-0.44541482,0.8977242099999999
2005T3,2005,3,0.23273333,0.85356761,0.14612067,0.15571129,0.01222297,-0.0888883,0.14680796,1.34243621,0.73372274,0.60427974,0.4268449,-0.73372274,0.60871347
2005T4,2005,4,0.35050455,0.74166879,0.25357127,0.20840775,-0.0014311,0.08170326,0.18146794,1.28955006,0.25070617,1.03624595,0.85188338,-0.25070617,1.03884389
2006T1,2006,1,0.53745315,0.59659688,0.36029801,0.6419376,-0.01473325,1.37334299,0.29655951,0.45164988,0.65767324,-0.20467726,-0.39283139,-0.65767324,-0.20602336000000004
2006T2,2006,2,0.38347085,0.57184361,0.28997211,0.21507816,-0.00324244,-0.49607878,0.0870435,1.86615757,0.62937665,1.22904559,1.02831072,-0.62937665,1.23678092
2006T3,2006,3,0.26895517,0.62801142,0.30391855,0.26433231,0.00803224,-0.85655159,0.15470907,2.17509222,0.54816094,1.6180617,1.40670048,-0.54816094,1.6269312799999998
2006T4,2006,4,0.3203525,0.83941272,0.26619628,0.33768102,0.01883779,0.21787115,0.11959068,1.44501846,-0.03552667,1.48107131,1.26021651,0.03552667,1.48054513
2007T1,2007,1,0.42585148,0.5375699,0.05469371,0.45536549,0.02938963,0.78664836,0.06668555,0.6495363,0.3436517,0.30483702,0.07694182,-0.3436517,0.30588459999999995
2007T2,2007,2,0.34415663,0.57586564,0.0554354,0.30713861,0.01808496,-0.13707472,0.06647771,1.37127826,0.70769805,0.65891706,0.43563154,-0.70769805,0.66358021
2007T3,2007,3,0.33911143,0.47862395,0.10127594,0.25312005,0.00687567,0.30387177,0.08554556,0.78958972,0.65788996,0.13083898,-0.08592377,-0.65788996,0.13169976000000005
2007T4,2007,4,0.39969289,0.57258467,0.08186119,0.30883695,-0.00405694,-0.15496161,0.02537686,1.48850352,1.06894136,0.41512472,0.20307963,-1.06894136,0.41956216000000013
2008T1,2008,1,0.56568779,0.73343478,0.1811711,0.21187417,-0.01471664,0.30165462,0.05261295,1.32318363,0.99396502,0.32597849,0.11941755,-0.99396502,0.32921860999999997
2008T2,2008,2,0.01057367,0.29403282,0.03189828,0.15847193,0.00386344,0.08326257,0.09513368,0.32044388,0.96717419,-0.64053521,-0.8412658,-0.96717419,-0.64673031
2008T3,2008,3,-0.15101133,0.28973958,-0.01063197,0.3742872,0.02218025,0.91126805,0.0880672,-0.47477152,0.05778777,-0.53225171,-0.72937875,-0.05778777,-0.53255929
2008T4,2008,4,-0.27182801,-0.07321445,0.00269669,0.48186298,0.04070265,-0.06273502,0.0795463,0.16340857,-0.94062094,1.11451285,0.9179857,0.94062094,1.10402951
2009T1,2009,1,-0.68491801,-0.26745238,-0.42219946,0.24832443,0.05902279,-0.68840681,-0.08192009,-0.29689573,-0.82105922,0.52850281,0.33693423,0.82105922,0.52416349
2009T2,2009,2,-0.2772218,-0.12103945,-0.29262961,0.96294073,0.02593802,-0.16350433,0.11927425,0.34221797,-0.49625573,0.84265543,0.65107673,0.49625573,0.8384737
2009T3,2009,3,-0.21388087,0.33750651,-0.19801177,0.06424262,-0.00729754,-0.44787353,0.02814497,0.40228752,-0.0988889,0.50167252,0.3113255,0.0988889,0.50117642
2009T4,2009,4,0.01937686,0.48881381,0.19483494,0.32885421,-0.04028258,0.45527427,0.16751289,0.36881008,0.11513608,0.25338227,0.06408534,-0.11513608,0.25367399999999996
2010T1,2010,1,0.10803188,0.5549529,0.30925304,0.24761817,-0.07302752,0.17318483,0.04143368,0.93220995,0.67374402,0.25673619,0.06801017,-0.67374402,0.25846592999999995
2010T2,2010,2,0.07778745,0.43435448,0.27376833,0.17313322,-0.05596396,0.06662275,0.04377928,0.79267749,0.55288083,0.23847816,0.05349703,-0.55288083,0.23979666
2010T3,2010,3,0.12143183,0.38166413,0.21889622,0.19184579,-0.03926365,-0.00191197,-0.02804349,0.90452978,0.23254047,0.67043029,0.48835871,-0.23254047,0.67198931
2010T4,2010,4,0.09126412,0.40069592,0.03570217,0.08695906,-0.02279725,0.21399424,-0.00450633,0.38233611,0.35579909,0.02644294,-0.15080018,-0.35579909,0.026537020000000022
2011T1,2011,1,0.30402161,0.58578072,-0.04553365,0.1723465,-0.00665737,0.3491739,0.02835496,0.63242894,0.73147857,-0.09833037,-0.27171193,-0.73147857,-0.09904963
2011T2,2011,2,0.05887539,0.26620429,-0.07687744,0.2604822,-0.00904893,0.06260102,-0.02270287,0.45973736,0.47158503,-0.01179206,-0.18454079,-0.47158503,-0.011847670000000032
2011T3,2011,3,0.08246287,0.2272471,-0.03454932,0.24231596,-0.01142977,0.18478827,-0.00641641,0.32767498,0.20659083,0.12083451,-0.05136284,-0.20659083,0.12108415
2011T4,2011,4,0.07428039,0.37527076,-0.03327216,0.21054432,-0.01380679,0.31429589,-0.01035882,0.30907944,0.35122011,-0.04199318,-0.21313473,-0.35122011,-0.04214066999999999
2012T1,2012,1,0.15088589,0.40048039,-0.04201899,0.44031736,-0.01617115,0.30135327,0.14504012,0.4871001,0.65436803,-0.1661805,-0.3363381,-0.65436803,-0.16726793
2012T2,2012,2,0.10118587,0.1798937,-0.01578498,0.37834909,-0.01633038,0.10081365,0.08275948,0.44374016,0.18505278,0.25820955,0.08605427,-0.18505278,0.25868738
2012T3,2012,3,0.02350546,0.30037987,0.03497356,0.19915237,-0.01649479,0.51679146,0.08707279,-0.06234778,0.00736275,-0.06970539,-0.24256074,-0.00736275,-0.06971052999999999
2012T4,2012,4,-0.15408825,0.15480733,0.0998445,0.36678595,-0.01674179,1.17202269,0.25707188,-0.97848683,0.09449003,-1.07196396,-1.2443291,-0.09449003,-1.07297686
2013T1,2013,1,0.09770276,0.16363691,-1.15848268,0.19427951,-0.01714628,-0.9404662,0.03453391,0.18592251,0.43225456,-0.24527185,-0.42032412,-0.43225456,-0.24633205
2013T2,2013,2,0.04713252,0.30986013,-0.00928772,0.25528217,-0.00955623,0.33325271,0.07209742,0.18808074,-0.06454475,0.25278865,0.08070921,0.06454475,0.25262549
2013T3,2013,3,-0.09015833,0.22068874,-0.03603185,0.18645461,-0.00199425,0.31943215,0.01379555,-0.05426878,0.18542888,-0.23925401,-0.40667996,-0.18542888,-0.23969765999999998
2013T4,2013,4,-0.01282341,0.20350976,0.03444479,0.30975624,0.00555281,0.60988358,0.00330716,-0.07275054,-0.0359188,-0.03684497,-0.20081253,0.0359188,-0.03683174
2014T1,2014,1,0.27465008,0.1303438,0.01693303,0.17212641,0.01311048,-0.568196,0.16778363,1.00757619,0.23356942,0.77220314,0.61071913,-0.23356942,0.77400677
2014T2,2014,2,0.07071849,0.19678022,0.05056984,0.14791984,-0.0108086,0.10566134,0.05110628,0.29841217,-0.14290274,0.44194646,0.28500746,0.14290274,0.44131491
2014T3,2014,3,0.0865473,0.19871247,-0.05500578,0.3098091,-0.03449397,0.01397501,-0.02266596,0.51426008,-0.0899473,0.60475134,0.45156198,0.0899473,0.60420738
2014T4,2014,4,-0.01009275,0.10953169,-0.02701526,0.15568695,-0.05791367,0.26368318,-0.03694565,-0.05654057,-0.02792218,-0.02862638,-0.17689015,0.02792218,-0.028618389999999997
2015T1,2015,1,0.13757947,0.2845615,0.01103928,0.05364979,-0.08155596,0.06326475,0.00800761,0.33400171,0.0145107,0.31944466,0.17462246,-0.0145107,0.31949101
2015T2,2015,2,0.01340952,0.3135379,-0.00138188,0.11177131,-0.06168456,0.03952772,-0.01697416,0.35309873,0.46719476,-0.11356545,-0.25298732,-0.46719476,-0.11409602999999996
2015T3,2015,3,0.02473969,0.22352761,-0.06079568,0.09756512,-0.04193658,-0.14365597,0.01699916,0.36975698,-0.05380672,0.42379172,0.28840115,0.05380672,0.4235637
2015T4,2015,4,0.08878181,0.36198248,-0.04874045,0.17303589,-0.02232309,0.17726918,-0.00672134,0.38218879,-0.03261668,0.41494081,0.28432425,0.03261668,0.41480547
2016T1,2016,1,0.14242406,0.35665853,-0.00965956,0.17168228,-0.0028532,0.09928622,0.08956018,0.46940573,-0.17018264,0.64067869,0.51452313,0.17018264,0.63958837
2016T2,2016,2,-0.0442283,0.20809887,-0.08375655,0.21585636,0.01876734,0.04618218,0.04768589,0.22086964,0.30331798,-0.08219901,-0.21056555,-0.30331798,-0.08244833999999998
2016T3,2016,3,0.07019617,0.52508462,-0.08057205,0.13661601,0.04028556,-0.18570416,0.03009999,0.84721449,0.04781391,0.79901853,0.66638767,-0.04781391,0.79940058
2016T4,2016,4,-0.01524249,0.42025556,-0.05177985,0.08765972,0.06132559,0.19982214,0.07954747,0.22284891,0.19518285,0.02761217,-0.10709934,-0.19518285,0.02766606000000002
2017T1,2017,1,0.19012929,0.75165904,0.00677151,0.19549509,0.08252015,0.09042781,0.13459444,1.00155284,0.34277725,0.65652517,0.51786447,-0.34277725,0.6587755900000001
2017T2,2017,2,0.15322471,0.52371264,-0.03193795,0.11966689,0.04851945,0.0907188,0.07173095,0.65073599,0.03490357,0.61561755,0.47495557,-0.03490357,0.61583242
2017T3,2017,3,0.13583676,0.4013537,0.01767746,0.11047458,0.06723282,0.30287584,0.11178356,0.31791593,0.03392302,0.2838966,0.14165644,-0.03392302,0.28399291000000004
2017T4,2017,4,0.13025434,0.44807405,0.06111562,0.24646852,-0.01767383,0.08694796,-0.04353851,0.82482925,0.54527023,0.27804293,0.13377826,-0.54527023,0.27955902
2018T1,2018,1,-0.01073308,0.26897613,0.71731859,0.12733258,-0.10152997,1.56831596,-0.95995232,0.39300061,0.89481497,-0.49736388,-0.64252108,-0.89481497,-0.50181436
2018T2,2018,2,0.0683386,0.47707892,0.03632453,0.2461465,-0.03147818,-0.21802304,0.00279307,1.01164034,0.49297074,0.51612525,0.36693202,-0.49297074,0.5186696
2018T3,2018,3,0.17884993,0.38824872,0.03863503,0.20897254,-0.01289829,-0.06478863,0.11656935,0.75002721000000006,0.36401304,0.38461412,0.23307365,-0.36401304,0.38601417000000005
2018T4,2018,4,0.25037063,0.47842621,0.0108259,0.29012658,0.0053264,-0.12416168,-0.26780651,1.42704392,0.14232261,1.28289545,1.12744576,-0.14232261,1.2847213100000001
2019T1,2019,1,0.23968663,0.79553307,5.8529e-4,0.39646348,0.02312506,0.25846348,0.27628789,0.92064217,-0.11381332,1.03563418,0.87802918,0.11381332,1.03445549
2019T2,2019,2,0.14181716,0.24075691,-0.08015498,0.12794995,0.00698508,-0.17062442,0.034857,0.57312154,0.36161594,0.21074352,0.05985508,-0.36161594,0.21150560000000002
2019T3,2019,3,0.02388799,0.57116393,-0.09677944,0.15648228,-0.00889297,0.71243863,-0.06321519,-0.00336165,0.22105893,-0.22392558,-0.36877702,-0.22105893,-0.22442057999999998
2019T4,2019,4,-0.14173455,0.23860392,-0.12162415,0.223475,-0.02473205,-1.06643289,-0.08249655,1.32291761,0.43930548,0.87974734,0.73871261,-0.43930548,0.8836121299999999
2020T1,2020,1,-0.11378415,-1.71594411,-0.42002315,1.24068699,-0.04004112,0.08231798,-0.156605,-0.97481851,0.25504576,-1.22673553,-1.35954114,-0.25504576,-1.22986427
2020T2,2020,2,-0.17089409,-6.47916675,-0.59408451,4.29554856,-0.04841395,-0.79227346,-0.69209636,-1.51264092,-0.15787059,-1.3569125,-1.48793099,0.15787059,-1.35477033
2020T3,2020,3,0.52602193,7.38248616,0.80702017,-3.97247885,-0.05725872,1.27169005,0.69116824,2.72293239,0.1945433,2.52347983,2.38897647,-0.1945433,2.52838909
2020T4,2020,4,0.70026054,-0.20084905,0.23936541,0.82804927,-0.06362739,-0.97610099,0.0382435,2.44105627,-0.06087229,2.50345246,2.37063785,0.06087229,2.5019285599999996
2021T1,2021,1,-0.02743372,0.38371192,0.52692979,-0.16454487,-0.06980975,0.73889758,0.15314427,-0.2431885,0.61199286,-0.84997955,-0.97684701,-0.61199286,-0.85518136
2021T2,2021,2,0.00365764,1.21956577,0.29374519,0.10857044,-0.03908917,0.07387797,0.21082636,1.30174554,0.26884626,1.03012981,0.89212014,-0.26884626,1.03289928
2021T3,2021,3,-0.07637982,2.50243643,0.21919864,-0.86943984,-0.00809306,0.05996791,0.32218702,1.38556742,0.52440741,0.85666758,0.71021004,-0.52440741,0.8611600100000001
2021T4,2021,4,0.29493529,0.9799669700000002,0.20606558,1.03515373,0.02209462,0.12569475,0.22619369,2.18632773,0.98930117,1.18530038,1.02969145,-0.98930117,1.1970265599999999
2022T1,2022,1,0.42559388,0.93636409,0.15793837,-0.67271414,0.05105545,0.94140584,0.25135602,-0.2945242,1.56786938,-1.83364444,-1.99298617,-1.56786938,-1.86239358
2022T2,2022,2,-0.1073089,0.82896011,0.07880706,0.22825446,0.0588025,0.16093997,0.1727905,0.75378476,1.3701439,-0.60802828,-0.76314474,-1.3701439,-0.6163591399999999
2022T3,2022,3,0.64613466,1.48635077,0.19674633,1.14159443,0.06590197,0.22388827,0.16428249,3.1485574,1.42132847,1.70302338,1.55063039,-1.42132847,1.72722893
2022T4,2022,4,0.77058824,1.07908037,0.25161234,0.28969682,0.07119961,-0.62559582,0.05856983,3.02920338,1.8390811,1.16863022,1.02330741,-1.8390811,1.1901222799999998
2023T1,2023,1,0.77637001,0.68876387,0.29007142,0.28983954,0.0762006,0.64971811,0.09515502,1.37637231,2.43287235,-1.03140721,-1.16746244,-2.43287235,-1.0565000399999998
2023T2,2023,2,0.70706118,0.45483763,0.32397468,0.1228944,0.05630007,0.06050221,0.06411425,1.54045149,1.76622909,-0.22185906,-0.35330971,-1.76622909,-0.22577760000000002
2023T3,2023,3,0.33522153,0.57970707,0.27236058,0.28138728,0.0368662,-0.131381,0.08605476,1.55086891,1.03273323,0.51283942,0.38615826,-1.03273323,0.5181356799999999
2023T4,2023,4,0.11577868,0.86401975,0.21341029,0.48708373,0.01800718,0.08314467,0.13290387,1.4822511,0.6172234,0.85972129,0.73833894,-0.6172234,0.8650277000000001
2024T1,2024,1,0.44203885,0.33651212,0.35186551,1.10136892,-2.846e-4,0.45647676,0.19443287,1.58059117,0.86639113,0.70806543,0.5925728,-0.86639113,0.7142000399999999
2024T2,2024,2,-0.3311224,0.50098685,0.07788804,0.35112143,8.016e-5,0.06839437,0.07984532,0.45071438,-0.23125497,0.68355009,0.56612853,0.23125497,0.68196935
2024T3,2024,3,0.24645305,0.33783514,0.15763665,0.41002259,4.3851e-4,-0.20850752,0.14434815,1.21654531,0.36102709,0.85244068,0.73286886,-0.36102709,0.8555182200000001
2024T4,2024,4,-0.63282053,0.20790768,-0.0695615,0.26785466,7.8765e-4,-0.0134829,0.08636366,-0.29871281,-0.41538502,0.11715887,-0.00347314,0.41538502,0.11667221
2025T1,2025,1,0.45020854,0.18913247,0.01913495,0.38933524,0.00114547,0.55025525,0.10930049,0.38940093,0.51057842,-0.12056194,-0.24282772,-0.51057842,-0.12117749
2025T2,2025,2,-0.01641058,0.23965084,-0.05429793,0.25498526,0.00139719,0.17501598,0.07597551,0.17433329,-0.08144541,0.25598719,0.13577985,0.08144541,0.2557787
2025T3,2025,3,0.10872712,0.18935893,0.00784214,0.19701114,0.00165048,0.22417741,0.1000906,0.18032181,0.46510496,-0.28346474,-0.40052821,-0.46510496,-0.28478315
