annee,ebe_ei,ebe_hors_ei,ebe_total,salaires_bruts,interets_dividendes_nets,prestations_sociales,autres_ressources_nettes,total_ressources,impots_revenu_patrimoine,cotisations_sociales,total_charges,rdb,transferts_nature,rdb_ajuste,contrib_salaires,contrib_ebe,contrib_propriete,contrib_prestations,contrib_autres,contrib_impots,contrib_cotisations,contrib_rdb_nominal,g_deflateur,g_pa_total,g_pa_menage,g_pa_uc,nb_menages_milliers,nb_uc_milliers,deflateur_indice,contrib_prix,pouvoir_achat_reconstitue,euros_par_menage,euros_par_uc,euros_par_menage_reel,euros_par_uc_reel
1949,3.389,0.256,3.6449999999999996,4.629999999999999,0.267,1.3690000000000002,-0.163,9.75,0.30900000000000005,0.245,0.554,9.196,1.236,10.431,NA,NA,NA,NA,NA,NA,NA,NA,NA,NA,NA,NA,NA,NA,NA,NA,NA,NA,NA,NA,NA
1950,3.9289999999999994,0.31599999999999995,4.243,5.137,0.31499999999999995,1.661,-0.165,11.190000000000001,0.41500000000000004,0.271,0.6890000000000001,10.504,1.449,11.951,5.513266637668559,6.502827316224454,0.521966072205306,3.1752936059156136,-0.021748586341887796,-1.152675076120052,-0.28273162244454136,14.223575467594605,NA,NA,NA,NA,NA,NA,NA,NA,NA,NA,NA,NA,NA
1951,4.72,0.392,5.114000000000001,6.539,0.40399999999999997,2.0890000000000004,-0.16,13.987,0.467,0.365,0.832,13.156000000000002,1.8399999999999999,14.995,13.34729626808835,8.292079207920798,0.8472962680883476,4.0746382330540785,0.047600913937547645,-0.495049504950495,-0.8948971820258946,25.247524752475275,NA,NA,NA,NA,NA,NA,NA,NA,NA,NA,NA,NA,NA
1952,5.391000000000001,0.485,5.875000000000001,7.832,0.462,2.4339999999999997,-0.184,16.422,0.5920000000000001,0.473,1.064,15.357000000000001,2.273,17.628999999999998,9.82821526299787,5.7844329583460015,0.44086348434174555,2.6223776223776163,-0.18242626938279105,-0.9501368197020373,-0.8209182122225598,16.730009121313458,NA,NA,NA,NA,NA,NA,NA,NA,NA,NA,NA,NA,NA
1953,5.372,0.538,5.909,8.14,0.512,2.6420000000000003,-0.178,17.025,0.7689999999999999,0.542,1.311,15.713,2.425,18.137999999999998,2.0056000520935124,0.22139740834797758,0.3255844240411538,1.354431204011204,0.0390701308849385,-1.1525688611056835,-0.44930650517679266,2.318161099173003,NA,NA,NA,NA,NA,NA,NA,NA,NA,NA,NA,NA,NA
1954,5.588,0.661,6.246,8.793,0.562,2.8649999999999998,-0.22899999999999998,18.238000000000003,0.717,0.5710000000000001,1.288,16.948999999999998,2.505,19.454,4.155794565009856,2.1447209317125986,0.3182078533698215,1.4192070260293987,-0.3245720104372175,0.33093616750461363,-0.18456055495449644,7.866098135301972,NA,NA,NA,NA,NA,NA,NA,NA,NA,NA,NA,NA,NA
1955,5.8580000000000005,0.746,6.603999999999999,9.523,0.604,3.2090000000000005,-0.272,19.669,0.679,0.635,1.314,18.355,2.641,20.994999999999997,4.307038763348873,2.1122190099710827,0.24780223022007156,2.029618266564404,-0.25370228332055017,0.22420201781815993,-0.3776033984305856,8.29547465927195,NA,NA,NA,NA,NA,NA,NA,NA,NA,NA,NA,NA,NA
1956,6.159,0.841,6.9990000000000006,10.697,0.667,3.549,-0.302,21.61,0.859,0.726,1.583,20.026,3.006,23.032,6.396077363116314,2.1520021792427206,0.34323072732225585,1.8523563061835981,-0.1634432034867882,-0.9806592209207297,-0.49577771724325786,9.103786434214108,NA,NA,NA,NA,NA,NA,NA,NA,NA,NA,NA,NA,NA
1957,6.906000000000001,0.961,7.868,12.006,0.7989999999999999,3.9819999999999993,-0.33,24.326,1.014,0.838,1.852,22.475,3.319,25.790999999999997,6.5365025466893085,4.339358833516427,0.659143113951862,2.1621891540996674,-0.13981823629281945,-0.7739938080495358,-0.5592729451712773,12.22910216718267,NA,NA,NA,NA,NA,NA,NA,NA,NA,NA,NA,NA,NA
1958,7.950999999999999,1.101,9.052999999999999,13.737,0.894,4.457,-0.33,27.808,1.2970000000000002,0.985,2.28,25.529,3.748,29.276,7.7018909899888754,5.27252502780867,0.42269187986651874,2.1134593993325943,0,-1.2591768631813132,-0.6540600667408232,13.588431590656278,NA,NA,NA,NA,NA,NA,NA,NA,NA,NA,NA,NA,NA
1959,8.059000000000001,1.2610000000000001,9.321,15.01,0.91,4.933999999999999,-0.249,29.926000000000002,1.492,1.1380000000000001,2.6310000000000002,27.295,4.152,31.447000000000003,4.9864859571467735,1.0497865172940604,0.0626738219280035,1.8684633162286006,0.3172862235105175,-0.7638372047475415,-0.5993184221865335,6.917623095303388,NA,NA,NA,NA,NA,NA,NA,NA,NA,NA,NA,NA,NA
1960,9.006,1.503,10.509,16.371000000000002,1.041,5.407,-0.245,33.086,1.5390000000000001,1.226,2.766,30.321,4.497,34.818,4.986261220003673,4.35244550283935,0.4799413812053485,1.7329181168712244,0.014654698662758758,-0.1721927092874158,-0.3224033705806919,11.08627953837699,3.231,7.606,6.507,6.548,14265.927629225574,26691.98580873498,8.81968513512171,-3.231,7.8552795383769904,2125.4138383460995,1135.9589435296875,24098.52285862549,12879.812897243657
1961,9.152000000000001,1.77,10.921999999999999,18.051,1.122,6.058,-0.29300000000000004,35.859,1.6929999999999998,1.4409999999999998,3.135,32.724000000000004,5.013,37.737,5.540714356386649,1.3620922792783827,0.26714158504007185,2.147026813099831,-0.1583061244681905,-0.5078988160021097,-0.7090795158471022,7.925200356188787,3,4.783,3.611,3.594,14427.275270712114,26998.14288596117,9.08427568917536,-3,4.925200356188787,2268.2037589198076,1212.0833695200656,24968.46018909965,13342.652854143998
1962,10.482999999999999,2.1229999999999998,12.604,20.305,1.349,7.177,-0.348,41.087,1.8439999999999999,1.67,3.516,37.573,5.691,43.263,6.887911013323558,5.139958440288474,0.6936804791590266,3.4195086175284186,-0.16807236279183452,-0.4614350323921281,-0.6997922014423666,14.817870675956472,4.02,10.38,8.252,8.279,14710.915502534315,27521.90685794882,9.44946357188021,-4.02,10.797870675956473,2554.089852091607,1365.2033703161903,27028.94013679346,14447.416617158815
1963,10.985,2.5189999999999997,13.504000000000001,23.134999999999998,1.4299999999999997,8.464,-0.427,46.107,2.114,2.0330000000000004,4.147,41.958999999999996,6.532,48.491,7.532004364836447,2.3953370771564746,0.21558033694408146,3.425332020333752,-0.2102573656615123,-0.7186011231469406,-0.9661192877864434,11.673276022675847,4.816,6.543,4.676,4.623,14973.211125944503,28026.93384879218,9.904549737501961,-4.816,6.857276022675847,2802.2713128846794,1497.0956233162199,28292.768345383098,15115.231514742278
1964,11.509,2.848,14.357,25.672,1.527,9.493,-0.486,50.562,2.661,2.29,4.95,45.612,7.384,52.994,6.046378607688465,2.0329369146071117,0.23117805476774997,2.4523940036702494,-0.14061345599275482,-1.3036535665768971,-0.6125026811887788,8.706117876975156,3.274,5.257,4.135,4.095,15134.472609770924,28339.714430544704,10.228824695907775,-3.274,5.432117876975156,3013.7819252817944,1609.472816382339,29463.6188895437,15734.679831068348
1965,12.152000000000001,3.322,15.472999999999999,27.56,1.639,10.421,-0.55,54.544,3.004,2.5180000000000002,5.522,49.022,8.07,57.092,4.139261597825129,2.4467245461720593,0.24554941682013526,2.0345523107954024,-0.14031395246864872,-0.7519950890116635,-0.499868455669561,7.476102779970176,2.647,4.707,3.652,3.652,15288.541540938393,28628.21272344765,10.499581685608455,-2.647,4.829102779970176,3206.4536613079113,1712.3667646862573,30538.870569509705,16308.904639823515
1966,13.072,3.8419999999999996,16.913,29.706,1.742,11.326,-0.592,59.099999999999994,3.316,2.809,6.125,52.974000000000004,8.802999999999999,61.777,4.377626371833056,2.937456652115379,0.21010974664436372,1.8461099098364024,-0.08567581902003167,-0.6364489412916646,-0.593611031781649,8.061686589694434,2.967,4.949,3.885,3.964,15445.249091733012,28899.321897938702,10.811104274220458,-2.967,5.094686589694433,3429.792532666505,1833.053390909441,31724.71974805564,16955.283608543443
1967,14.053,4.499,18.553,31.912,1.9889999999999999,12.354000000000001,-0.618,64.191,3.3930000000000002,3.142,6.535,57.655,9.597,67.25200000000001,4.164307018537395,3.0958583456035043,0.4662664703439421,1.9405746215124406,-0.04908068108883607,-0.14535432476309207,-0.6286102616377841,8.836410314493897,3.173,5.49,4.283,4.501,15624.105076215279,29172.709483093204,11.154140612841474,-3.173,5.6634103144938965,3690.1313527242432,1976.3333958888347,33083.06288048664,17718.383374273883
1968,14.603000000000002,5.215,19.817,35.827,2.2359999999999998,13.852,-0.7619999999999999,70.97,4.186,3.5229999999999997,7.71,63.257999999999996,10.612,73.86999999999999,6.790391119590667,2.1923510536813793,0.428410372040586,2.59821351140404,-0.2497615124447141,-1.3754227733934605,-0.6608273350099727,9.718151071025922,4.785,4.707,3.351,3.729,15829.093334815223,29447.808133518774,11.687866241165937,-4.785,4.933151071025922,3996.3122752499976,2148.1395054322224,34191.974760752746,18379.227320947954
1969,15.529,6.183999999999999,21.714,40.888999999999996,2.5709999999999997,15.702,-0.908,79.968,4.846,4.162,9.007000000000001,70.961,12.452,83.413,8.002149925701094,2.9988301874861656,0.5295772866672991,2.924531284580606,-0.23080084732365888,-1.043346296120649,-1.0101489139713558,12.177115937905093,6.973,4.863,3.165,3.744,16089.64021110628,29765.549983279445,12.502861154162439,-6.973,5.204115937905093,4410.353436680168,2383.997609312167,35274.753372846004,19067.616443284976
1970,16.875999999999998,7.024,23.901,46.53,2.97,17.304,-1.036,89.66999999999999,5.193,4.504,9.696,79.973,14.207,94.17999999999999,7.949437014698223,3.0819746057693678,0.5622806893927658,2.2575781062837312,-0.1803807725370274,-0.489001000549597,-0.48195487662236947,12.699933766435086,5.036,7.298,5.319,6.016,16391.96455067297,30125.415482577293,13.132505241886058,-5.036,7.663933766435086,4878.7928837191585,2654.6687811244133,37150.51160351548,20214.48864651781
1971,17.907,7.431000000000001,25.337000000000003,52.534000000000006,3.584,19.269,-1.0790000000000002,99.64500000000001,5.479,5.105,10.583000000000002,89.06,16.194000000000003,105.254,7.507533792655028,1.7956060170307524,0.767759118702562,2.4570792642516848,-0.05376814674952815,-0.35762069698523313,-0.7515036324759617,11.362584872394436,5.628,5.429,3.481,4.144,16700.461323516636,30497.163109632296,13.871602636899407,-5.628,5.734584872394436,5332.786817965968,2920.27162263729,38443.912773138356,21052.157411640153
1972,20.230999999999998,8.198,28.429000000000002,58.754,3.903,21.787,-1.091,111.78200000000001,6.264,6.016,12.281,99.50400000000002,18.159,117.663,6.984055692791367,3.471816752750953,0.3581854929261172,2.8273074331911077,-0.013474062429822353,-0.8814282506175614,-1.022905906130698,11.726925668088947,5.69,5.71,3.812,4.486,17005.74575651052,30854.589861277185,14.660896826938982,-5.69,6.036925668088947,5851.198849183409,3224.933484689697,39910.238222480344,21996.836365180425
1973,21.957,9.420000000000002,31.379,67.815,4.2540000000000004,25.073,-1.506,127.01400000000001,6.9430000000000005,6.955,13.898,113.11599999999999,21.281,134.397,9.106166586267888,2.9647049364849645,0.35274963820549965,3.3023798038269825,-0.41706866055635944,-0.6823846277536584,-0.9436806560540278,13.679852066248557,7.293,5.954,4.087,4.789,17310.828835382323,31197.69290053459,15.730116032527642,-7.293,6.386852066248557,6534.406935432085,3625.780930680989,41540.742114806155,23049.93124769957
1974,23.762999999999998,11.43,35.194,81.03999999999999,5.532,29.637,-1.246,150.154,8.376999999999999,8.237,16.613999999999997,133.541,25.186,158.725,11.691537890307293,3.3726440114572664,1.1298136426323417,4.034796138477316,0.2298525407546236,-1.2677251670851148,-1.1333498355670286,18.056685172743038,14.044,3.519,1.823,2.499,17599.22724377979,31508.109944894906,17.939253528135822,-14.044,4.012685172743037,7587.889976657826,4238.30563729631,42297.69073031396,23625.875127128205
1975,25.418,11.886,37.303,94.29599999999999,6.559,37.156000000000006,-1.256,174.06,9.89,10.167,20.057,154.003,30.741,184.743,9.926539414861352,1.5792902554271682,0.7690522011966364,5.6304805265798565,-0.007488336915254498,-1.132985375278006,-1.4452490246441165,15.322634995993733,11.496,3.431,1.821,2.561,17877.47102650395,31775.298717227615,20.001550113730314,-11.496,3.8266349959937322,8614.36160470826,4846.626348677068,43068.46997220892,24231.253683433468
1976,27.516000000000002,13.372,40.887,109.04899999999999,7.102,42.829,-1.383,198.486,12.852,12.682,25.531,172.955,35.711,208.666,9.579683512658844,2.3272273916741906,0.35259053395063744,3.68369447348428,-0.08246592598845477,-1.9233391557307327,-1.6330850697713686,12.306253774277142,9.418,2.64,1.041,1.815,18160.47139285351,32032.678636837158,21.885296103441434,-9.418,2.8882537742771426,9523.706530440673,5399.329914330175,43516.461853779,24671.038896664217
1977,30.143,15.709,45.851,123.315,7.249,49.258,-1.2730000000000001,224.39700000000002,14.9,15.109,30.009,194.388,40.624,235.014,8.248388309097745,2.8701107224422526,0.08499320632534436,3.7171518603104863,0.0636003584747477,-1.1841230377843948,-1.4032551819837527,12.392240756266075,9.379,2.755,1.174,1.885,18444.31956072381,32306.23771239575,23.937918024983208,-9.379,3.0132407562660752,10539.179792457015,6017.04233499818,44027.136284189895,25136.030329448004
1978,34.793,18.396,53.19,139.409,8.701,57.928,-1.447,257.779,16.683999999999997,17.413999999999998,34.098,223.68,47.619,271.302,8.279317653353084,3.775438813095458,0.7469596888696837,4.460151861225999,-0.08951169825297853,-0.9177521246167444,-1.1857727843282497,15.068831409346258,8.686,5.873,4.275,4.988,18726.886536394097,32578.579296311244,26.017165584633247,-8.686,6.382831409346258,11944.323983877252,6865.861091288486,45909.39756685885,26389.735149872482
1979,38.292,21.677,59.967,157.168,10.517,66.256,-1.74,292.17100000000005,19.766,22.564,42.329,249.84,53.932,303.77200000000005,7.939467095851223,3.029774678111588,0.8118741058655218,3.7231759656652375,-0.1309907010014306,-1.3778612303290416,-2.3023962804005733,11.695278969957078,10.808,0.801,-0.695,-0.028,19008.913447632192,32848.98150447063,28.829100841020406,-10.808,0.8872789699570784,13143.307779704832,7605.71526292216,45590.41869597076,26382.075892218345
1980,43.03,24.27,67.30000000000001,180.972,11.392,76.662,-1.619,334.70500000000004,23.686,27.252,50.937,283.766,62.611,346.37800000000004,9.52769772654499,2.9350784502081386,0.35022414345180913,4.165065642010889,0.04843099583733589,-1.5690041626641056,-1.8764008965738068,13.579090617995524,12.885,0.619,-0.82,-0.233,19284.732781757335,33129.51180651881,32.54373048438588,-12.885,0.6940906179955242,14714.541456775198,8565.354106551129,45214.67341869448,26319.521391872055
1981,44.828,29.031,73.86000000000001,206.03,16.189999999999998,90.88199999999999,-1.939,385.023,27.248,30.464,57.712,327.31,72.769,400.078,8.83051528371968,2.3117639181579195,1.690829768189282,5.011171176250849,-0.11276897161745947,-1.2552596153168458,-1.131918552610249,15.345037812845787,13.387,1.728,0.322,0.861,19555.10473535757,33414.425608054866,36.90035968433062,-13.387,1.9580378128457863,16737.82904410586,9795.469891934901,45359.528165286196,26545.7301113909
1982,50.593,32.899,83.492,234.62800000000001,17.372,108.00399999999999,-1.7730000000000001,441.724,31.916000000000004,36.691,68.606,373.11699999999996,85.168,458.284,8.737282698359357,2.94277596162659,0.3611255384803404,5.23112645504262,0.05071644618251808,-1.4261709083132208,-1.9024777733647014,13.994989459533764,11.677,2.083,0.682,1.197,19827.311793273748,33707.13597638143,41.2092146846699,-11.677,2.3179894595337647,18818.33522820662,11069.377127188816,45665.35754734283,26861.412458089617
1983,55.604,37.582,93.18599999999999,255.855,20.695,121.06400000000001,-2.09,488.70900000000006,37.400999999999996,42.373,79.773,408.936,94.489,503.424,5.689100201813366,2.5981126563517583,0.8906053597129053,3.500242551264085,-0.08495994553987081,-1.4700482690416123,-1.522846721001722,9.599937821112418,9.494,0.098,-1.282,-0.735,20104.497612143718,33989.93884722327,45.121617526832466,-9.494,0.10593782111241801,20340.523194819372,12031.089606782483,45079.33072816699,26663.69307267843
1984,56.747,42.39,99.138,273.485,24.375,132.968,-1.474,528.491,42.535,48.733000000000004,91.268,437.226,103.459,540.682,4.311188058767148,1.4554844767885469,0.8998963162939922,2.910968953577084,0.15063481816225519,-1.255453176047108,-1.5552555901167926,6.91795293151007,7.884,-0.909,-2.244,-1.704,20379.1250495256,34264.9174524973,48.67900585264794,-7.884,-0.9660470684899307,21454.60116356556,12760.164988173176,44073.62226851746,26212.870958783304
1985,60.08,45.705,105.783,288.998,27.968,144.512,-1.6800000000000002,565.5809999999999,44.19200000000001,52.445,96.637,468.945,110.624,579.569,3.5480506648735384,1.5198089775081984,0.8217718068001446,2.6402821424160527,-0.04711522187610073,-0.3789802070325211,-0.8489888524470173,7.254600595572998,6.2,0.978,-0.284,0.18,20637.12477265259,34538.0088445937,51.69710421551211,-6.2,1.0546005955729978,22723.36893661782,13577.650121929508,43954.81967788729,26263.850418638012
1986,63.635999999999996,47.519000000000005,111.15299999999999,304.995,30.93,154.103,-2.355,598.828,46.034,56.163,102.197,496.632,116.97099999999999,613.6030000000001,3.4112742432481453,1.1451236285705126,0.6316305750141274,2.0452291846591835,-0.14394012090970154,-0.39279659661580607,-0.7928435104329924,5.904103892780606,2.799,3.031,1.802,2.224,20886.21486865851,34810.51373437754,53.14410616250429,-2.799,3.105103892780606,23777.980027641934,14266.724237095792,44742.45922009397,26845.35551970888
1987,63.96900000000001,53.839000000000006,117.80900000000001,317.799,36.908,159.962,-2.111,630.368,48.25,61.429,109.68,520.6890000000001,122.54100000000001,643.23,2.578166529744353,1.3402277742876052,1.2037081782889547,1.1797467742714889,0.049130946052610334,-0.4462056411991175,-1.0603424668567483,4.844029381916604,2.94,1.848,0.665,1.044,21131.836755513934,35087.605423703186,54.70654288368193,-2.94,1.904029381916604,24640.02566478925,14839.684661075567,45040.36330202647,27125.977769474455
1988,66.17399999999999,59.393,125.56400000000001,336.65600000000006,36.745,170.178,-1.8030000000000002,667.342,47.773,66.595,114.369,552.973,129.24599999999998,682.219,3.6215476032718343,1.4893727349723145,-0.03130467515157873,1.962015713794608,0.05915239231095721,0.09160938679326751,-0.9921469437610543,6.200246212230309,2.678,3.46,2.291,2.647,21373.37364962946,35365.499258658914,56.17158410210693,-2.678,3.522246212230309,25872.050386841325,15635.944963073289,46058.965223077794,27836.040612012584
1989,73.94500000000001,63.673,137.618,358.161,45.047999999999995,180.255,-2.545,718.536,50.89,74.218,125.108,593.43,138.228,731.658,3.888978304546504,2.179853265891823,1.5015199657126113,1.8223312892311196,-0.1341837666576849,-0.5636803243557998,-1.378548319719047,7.316270414649539,3.732,3.42,2.292,2.635,21608.908227248376,35636.04532798765,58.26790762079756,-3.732,3.5842704146495388,27462.28517235764,16652.521191343727,47131.064583749576,28579.23318564462
1990,77.564,68.56700000000001,146.131,383.385,50.251000000000005,191.766,-0.204,771.328,57.647999999999996,79.128,136.77800000000002,634.55,148.187,782.738,4.250543450786106,1.4345415634531462,0.8767672682540503,1.9397401546938975,0.3944862915592403,-1.1388032286874603,-0.8273932898572699,6.929208162715064,2.796,4.027,2.79,3.26,21868.863393222175,35900.8211447746,59.89707831787506,-2.796,4.133208162715064,29016.139915011143,17675.08318099736,48443.33101027379,29509.09072258136
1991,77.344,73.4,150.744,402.38599999999997,51.936,203.82,-1.9140000000000001,806.972,64.059,82.565,146.623,660.348,157.14999999999998,817.4979999999999,2.994405484201399,0.7269718698290126,0.2655425104404689,1.8996138996138998,-0.2694823102986369,-1.0103222756283983,-0.541643684500827,4.065558269639903,2.655,1.37,0.102,0.631,22145.9418924143,36164.33317197724,61.48734574721465,-2.655,1.4105582696399028,29818.013756560544,18259.648169365,48494.55346332182,29696.595205839007
1992,78.527,81.71799999999999,160.245,414.603,57.20099999999999,216.112,0.166,848.328,68.985,86.251,155.237,693.091,167.378,860.4689999999999,1.8500851066407473,1.4387868214941222,0.7973068745570507,1.8614427544264545,0.31498543192377354,-0.7459703065656293,-0.558190529841842,4.9584461526346795,2.608,2.306,1.099,1.574,22410.364438609726,36425.07801414719,63.090935724302014,-2.608,2.3504461526346794,30927.252517406956,19027.852177305132,49020.12018422811,30159.407145986883
1993,75.12,86.22800000000001,161.347,422.46599999999995,57.899,227.71300000000002,-1.424,868,71.086,88.973,160.06,707.9409999999999,177.715,885.6560000000001,1.1344830621087192,0.15899788050919775,0.10070827640237826,1.6738061812951006,-0.2294071052718907,-0.30313479759512085,-0.3927334217296133,2.1425757945204755,1.466,0.667,-0.492,0.005,22671.445184319527,36666.21203060085,64.01584884202028,-1.466,0.6765757945204756,31226.108183418324,19307.721217811297,48778.7145656364,30160.845426668195
1994,76.354,92.00699999999999,168.362,432.15200000000004,54.028999999999996,233.82999999999998,-3.848,884.524,74.61800000000001,91.381,165.999,718.5249999999999,183.648,902.172,1.3681931121378892,0.9909017841882286,-0.546655724135204,0.8640550554354053,-0.3424014148071662,-0.4989116324665489,-0.3401413394619045,1.4950398408906882,0.96,0.534,-0.632,-0.1,22937.381236331596,36899.04247699517,64.63040099090368,-0.96,0.5350398408906882,31325.502793749372,19472.72752261706,48468.680858344414,30129.362071198855
1995,77.382,95.04299999999999,172.424,449.578,56.705000000000005,241.19500000000002,-5.359999999999999,914.5409999999999,76.19200000000001,95.161,171.353,743.1879999999999,194.21200000000002,937.402,2.4252461640165524,0.5653247973278609,0.3724296301450903,1.025016526912778,-0.210431091472113,-0.21905987961448778,-0.5260777286802828,3.432448418635401,0.942,2.448,1.249,1.792,23208.959830169762,37136.67231054702,65.239219368238,-0.942,2.490448418635401,32021.598789357024,20012.24002477277,49083.35675908912,30675.16781863245
1996,80.364,98.987,179.351,462.23699999999997,59.918,249.612,-6.725,944.3919999999999,81.586,100.279,181.86499999999998,762.528,201.053,963.5799999999999,1.7033375135228226,0.9320656415335008,0.43232667911753075,1.1325532705049024,-0.18366819701071607,-0.7257921279676196,-0.6886548221984203,2.6023025129577104,1.483,1.111,-0.033,0.506,23474.4703306269,37360.235077856516,66.20671699146897,-1.483,1.1193025129577103,32483.288835068517,20410.14994715469,49063.433909967374,30827.914257981753
1997,79.753,104.60999999999999,184.364,475.381,61.008,256.803,-7.228,970.329,88.535,98.08700000000002,186.62199999999999,783.7080000000001,205.39300000000003,989.101,1.7237399806957916,0.6574184816819848,0.1429455705233124,0.9430473372781069,-0.06596479080112469,-0.9113107977674261,0.28746485374963004,2.777602920810785,0.764,1.998,0.876,1.42,23735.506440703473,37573.1884178003,66.71253630928379,-0.764,2.0136029208107846,33018.38121541141,20858.171291865092,49493.51807332881,31265.744709757713
1998,83.25800000000001,107.73,190.98800000000003,492.586,64.82400000000001,263.358,-4.795,1006.962,120.24900000000001,77.148,197.397,809.563,211.94099999999997,1021.5039999999999,2.195332955641647,0.8452127578128618,0.4869160452617568,0.836408458252309,0.3104472584176759,-4.046660235700033,2.6717859202662244,3.2990603643193515,0.133,3.16,1.961,2.513,24014.635996446144,37810.275236716625,66.80126398257514,-0.133,3.1660603643193515,33711.23343780039,21411.190342614944,50464.963427329516,32052.07366764793
1999,88.06599999999999,108.936,197.00099999999998,516.699,63.015,270.915,-6.859,1040.772,128.318,81.086,209.40300000000002,831.368,220.1,1051.469,2.9785205104482224,0.7427463952774458,-0.22345388808530178,0.9334665739417459,-0.25495236318853504,-0.9967105710117685,-0.4864352743393661,2.6934284299060187,-0.475,3.201,1.866,2.423,24329.467874359554,38097.63332851567,66.4839579786579,0.475,3.168428429906019,34171.23647312343,21822.037942124083,51397.71685087217,32823.01265687161
2000,93.927,115.86800000000001,209.796,549.093,70.975,277.97499999999997,-7.105,1100.734,133.82,85.00399999999999,218.82299999999998,881.9079999999999,230.794,1112.703,3.896469433511995,1.5390296475207146,0.9574580691101886,0.849202759788679,-0.029589784547877765,-0.6618007909854577,-0.4712714465796124,6.079137036787542,2.076,3.89,2.466,3.03,24667.647477813152,38415.74856680878,67.86416494629485,-2.076,4.0031370367875425,35751.605449737974,22956.939091432116,52681.12482932701,33827.77804692562
2001,98.35,125.171,223.522,574.891,74.751,291.355,-8.149000000000001,1156.37,139.334,89.86500000000001,229.199,927.1709999999999,241.352,1168.521,2.9252484386126447,1.5563981730520644,0.42816257478104414,1.5171650557654601,-0.11837969493416553,-0.6252352853132085,-0.5511912807231615,5.132394762265456,1.76,3.32,1.881,2.445,25016.20133667465,38743.81905956933,69.05857424934965,-1.76,3.372394762265456,37062.82131015367,23930.810707495242,53668.67432902831,34652.91742208334
2002,101.86200000000001,128.016,229.877,599.5640000000001,70.971,306.351,-7.502,1199.2620000000002,138.429,94.46199999999999,232.89000000000001,966.3720000000001,258.46900000000005,1224.8419999999999,2.66110566443516,0.6854183316777616,-0.4076917850105322,1.6173931238142676,0.0697821653179404,0.0976087474694529,-0.4958092951569862,4.228022662486223,0.984,3.206,1.777,2.343,25367.428803441562,39070.4294542415,69.73811061996325,-0.984,3.2440226624862234,38094.9921053447,24734.102324925698,54625.78748790997,35467.1242238176
2003,103.738,133.023,236.762,615.462,71.246,319.118,-6.981,1235.607,143.405,99.104,242.50900000000001,993.097,272.125,1265.223,1.6451221682747337,0.7124585563323431,0.028456950325546626,1.3211268538409635,0.053912985889491824,-0.5149155811633613,-0.480353321495243,2.7654981725463803,1.53,1.215,-0.14,0.417,25711.664812304265,39380.64866410818,70.8051037124487,-1.53,1.2354981725463803,38624.37563843612,25217.89339912819,54550.270550123234,35615.926080049605
2004,106.96,140.05599999999998,247.018,638.051,77.053,333.543,-9.17,1286.4950000000001,147.848,103.279,251.125,1035.369,281.971,1317.339,2.274601574669952,1.032728927788524,0.584736435615051,1.4525267924482717,-0.2204215700983892,-0.44738832158389485,-0.42040203524932585,4.256583193786703,2.087,2.176,0.851,1.415,26049.51608793794,39676.003529088994,72.2828062269275,-2.087,2.169583193786703,39746.18939195653,26095.597033630293,54987.05911773232,36102.080696348094
2005,107.488,147.494,254.98200000000003,662.974,80.161,346.687,-8.719999999999999,1336.085,156.112,108.98,265.092,1070.993,293.355,1364.349,2.407161118403198,0.7691943645212507,0.3001828333666552,1.2694990867990066,0.043462765448840084,-0.7981695414871396,-0.5506249462751935,3.4407056807766145,1.792,1.604,0.342,0.907,26376.95850516332,39950.164713474995,73.57811411451404,-1.792,1.6487056807766145,40603.35462067591,26808.224889214514,55184.01104638599,36435.05302064587
2006,112.741,158.121,270.861,692.203,91.871,361.326,-8.687,1407.5720000000001,162.11599999999999,116.806,278.921,1128.652,304.674,1433.325,2.7291494902394255,1.482642743696734,1.093377827866288,1.3668623417706756,0.0030812526319032407,-0.5606012364226461,-0.7307237302204583,5.383695318270064,2.076,3.206,1.947,2.42,26702.71394270209,40256.58247682735,75.10559576353135,-2.076,3.307695318270064,42267.314192176455,28036.458401546603,56277.18382696057,37329.38686728336
2007,116.62,170.67499999999998,287.295,720.263,98.604,376.66,-7.962000000000001,1474.8580000000002,167.08100000000002,120.868,287.95,1186.909,318.123,1505.032,2.486151621580439,1.456073262617709,0.5965523474020339,1.358611866190819,0.06423592037226698,-0.43990530296318364,-0.3598983566236535,5.161644156037473,1.89,3.217,2.048,2.32,27008.460017346028,40609.23013932436,76.5250915234621,-1.89,3.271644156037473,43945.82287319286,29227.56713012997,57426.68450088603,38193.44289339267
2008,117.98400000000001,181.065,299.049,743.0089999999999,102.52000000000001,389.6,-7.786999999999999,1526.3920000000003,176.912,124.089,301.001,1225.391,327.86,1553.252,1.9164063967835667,0.9903033846739692,0.3299326233097913,1.090226799190165,0.014744180050871768,-0.8282859090292506,-0.2713771653934719,3.242203066957953,2.837,0.418,-0.577,-0.41,27278.814702119664,40946.69284178215,78.69610836998271,-2.837,0.4052030669579527,44920.976713287426,29926.49503428533,57081.57321083207,38027.92241464926
2009,109.345,174.13400000000001,283.48,744.206,94.112,410.071,-6.474,1525.394,170.915,126.42699999999999,297.343,1228.051,340.341,1568.3919999999998,0.09768310686141128,-1.2705332420427407,-0.6861483395912011,1.6705688225227704,0.10714947310695108,0.48939481357379105,-0.19079624381115853,0.2170735708031032,-1.645,1.873,0.921,1.091,27536.053924760654,41263.62024437755,77.40155738729649,1.645,1.862073570803103,44597.92980343222,29761.106580737556,57618.90497923216,38450.26842524759
2010,109.50800000000001,175.107,284.615,764.996,101.669,422.597,-8.555,1565.324,175.302,129.24,304.53999999999996,1260.7800000000002,350.966,1611.747,1.6929264338370282,0.09242287168855291,0.615365322775683,1.01999021213288,-0.16945550306949791,-0.35723272079091184,-0.2290621480703991,2.6651173281891607,1.218,1.454,0.529,0.7,27789.385620868456,41572.684760007935,78.34430835627377,-1.218,1.4471173281891607,45369.12104502291,30327.124824347276,57909.913300536246,38710.0549620446
2011,109.34700000000001,182.346,291.69300000000004,785.241,102.589,432.101,-9.482,1602.1429999999998,184.78,129.226,314.005,1288.1370000000002,358.639,1646.7779999999998,1.605751994796872,0.5613984993416797,0.07297070067735859,0.7538190643887132,-0.07352591253033831,-0.751756848934787,0.001110423705960596,2.169847237424449,1.803,0.352,-0.511,-0.35,28030.319594201384,41865.35646071839,79.75685623593739,-1.803,0.3668472374244489,45955.130681652176,30768.566397103037,57619.034714341455,38577.957869958176
2012,109.457,186.26600000000002,295.722,800.5959999999999,101.656,448.42400000000004,-10.25,1636.1480000000001,201.299,133.10500000000002,334.404,1301.7440000000001,366.65200000000004,1668.397,1.192031592912858,0.312777289993218,-0.07243018405650894,1.267178879265174,-0.05962098751918473,-1.28239465212163,-0.30113256586838344,1.0563317411113855,1.306,-0.249,-1.085,-0.932,28267.456097968327,42154.22742029734,80.79848077837875,-1.306,-0.24966825888861455,46050.978039497546,30880.50901801626,56994.85633375987,38219.17036128199
2013,107.262,188.527,295.79,811.8800000000001,87.616,461.756,-10.884,1646.159,211.60999999999999,137.708,349.319,1296.839,374.70899999999995,1671.549,0.8668371046841943,0.005223761354002051,-1.0785530795609586,1.0241645054634347,-0.04870389262404899,-0.7920912253100438,-0.35360255165377985,-0.37680219766714496,0.59,-0.987,-1.851,-1.668,28516.209711630447,42445.9346740458,81.27519181497118,-0.59,-0.9668021976671449,45477.25707989443,30552.72571940727,55954.659797575965,37591.69930839751
2014,108.31899999999999,191.704,300.02299999999997,821.585,87.95400000000001,473.03999999999996,-11.228,1671.3719999999998,215.332,140.471,355.802,1315.571,383.761,1699.3329999999999,0.7483581230977729,0.32640906080091264,0.02606337409655386,0.8701157198387767,-0.026526037542054137,-0.2870055573590869,-0.2130565166531856,1.4444352768539481,0.122,1.327,0.451,0.68,28764.871060315865,42718.86203399991,81.37434754898544,-0.122,1.3224352768539482,45735.33450719921,30796.021648538717,56203.62667690529,37844.87688826044
2015,107.031,196.101,303.132,834.177,87.05699999999999,480.14300000000003,-14.105,1690.402,219.243,140.14999999999998,359.394,1331.009,389.77199999999993,1720.7800000000002,0.9571509253396423,0.23632323911062478,-0.06818332115864668,0.5399176479262667,-0.21868831100715969,-0.29728536126138394,0.024400051384533893,1.1734828450916068,0.23,0.949,0.127,0.369,29001.03065172106,42965.34986793609,81.5615085483481,-0.23,0.9434828450916068,45895.2309655592,30978.660806700354,56270.69898830205,37981.96153806645
2016,106.18799999999999,199.92199999999997,306.11,852.1579999999999,84.46799999999999,488.584,-14.179,1717.1390000000001,221.415,142.29299999999998,363.708,1353.431,396.201,1749.6309999999999,1.3509300087377232,0.2237400348156931,-0.1945140866816076,0.6341805352180169,-0.0055596919329621245,-0.16318447132964517,-0.16100567313970082,1.684586655687529,0.198,1.499,0.684,0.971,29235.939,43190.0586477454,81.72300033527384,-0.198,1.4865866556875291,46293.399367128244,31336.63260424055,56646.72023445862,38344.936524209836
2017,107.955,203.887,311.842,880.6569999999999,83.213,496.643,-11.191,1761.163,226.923,146.66400000000002,373.586,1387.577,408.149,1795.726,2.1056854763929613,0.4235162339269583,-0.0927272982516283,0.595449638732966,0.22077224476164647,-0.40696570419918043,-0.3229569885720098,2.5229213753785715,0.767,1.72,0.829,1.163,29494.384700759998,43427.603970308,82.3498157478454,-0.767,1.7559213753785716,47045.463537479576,31951.497967714353,57128.80242687182,38799.720044972084
2018,109.151,208.252,317.40200000000004,903.172,94.60499999999999,507.288,-12.57,1809.8999999999999,249,133.684,382.684,1427.2150000000001,412.703,1839.917,1.6226126550094229,0.4006984837598244,0.8209994832719191,0.7671646330257736,-0.0993818721411496,-1.5910468392024368,0.9354435825903729,2.8566342624589587,1.928,0.918,0.004,0.329,29763.96337692494,43682.52400561371,83.93752019546385,-1.928,0.9286342624589587,47951.10724758098,32672.44813547373,57127.14306536346,38924.72407975595
2019,111.372,214.92000000000002,326.291,932.019,93.09,521.886,-12.459,1860.828,249.638,135.27,384.909,1475.919,420.32,1896.2379999999998,2.021209138076602,0.6228213688897575,-0.10615079017527046,1.0228311782037012,0.007777384626703099,-0.044702444971500804,-0.11112551367523552,3.4125201879184246,0.791,2.593,1.667,1.975,30035.113083288725,43947.24010108773,84.60146598020998,-0.791,2.6215201879184247,49139.78502119203,33583.88368882964,58083.84577246786,39696.5741665583
2020,111.168,217.10600000000002,328.274,895.289,84.654,566.295,-14.56,1859.9530000000002,240.531,129.18599999999998,369.717,1490.2350000000001,429.65999999999997,1919.8960000000002,-2.4886189553762783,0.1343569667441102,-0.5715760824272881,3.008904960231557,-0.1423519854409355,0.6170392819660157,0.4122177436566662,0.9699719293538487,0.757,0.232,-0.656,-0.334,30303.626994253325,44196.8604248619,85.24189907768017,-0.757,0.21297192935384868,49176.786669219604,33718.119017379424,57690.862359137776,39555.8045775733
2021,118.816,220.698,339.51300000000003,965.898,104.96,558.597,-17.363,1951.604,249.036,140.231,389.26700000000005,1562.338,464.944,2027.2820000000002,4.738111774317475,0.7541763547360002,1.3626038846222237,-0.5165628239841353,-0.18809113998798838,-0.5707153569738997,-0.7411582736950894,4.838364419034571,1.36,3.438,2.484,2.814,30585.75376156982,44465.13536764081,86.40118890513664,-1.36,3.4783644190345706,51080.57863079496,35136.24746854995,59120.22655947292,40666.3934996629
2022,124.62899999999999,231.724,356.352,1042.877,116.31400000000001,566.814,-14.965,2067.392,267.494,153.863,421.358,1646.036,483.433,2129.468,4.927166848658864,1.0778077471072163,0.7267313475061103,0.5259425297214806,0.1534879136268848,-1.1814344911280419,-0.8725384647880295,5.35722743734071,4.925,0.403,-0.57,-0.281,30885.18829089559,44769.72154490915,90.65644745871461,-4.925,0.43222743734071045,53295.3202194083,36766.724098313585,58788.22931339688,40556.105085694355
2023,128.171,268.531,396.702,1098.3029999999999,133.889,591.755,-10.868,2209.7790000000005,273.271,160.423,433.69399999999996,1776.085,506.315,2282.399,3.367241056696204,2.4513437130172138,1.067716623451735,1.5152159491043957,0.2489009960900004,-0.3509643774498241,-0.39853320340502896,7.900738501466552,7.056,1,0.072,0.364,31171.493986352187,45053.561579503876,97.0531663914015,-7.056,0.8447385014665523,56977.85934731339,39421.63366742554,58707.88297367842,40618.59610890359
2024,131.042,276,407.041,1134.1329999999998,149.163,631.2249999999999,-10.053,2311.508,280.73400000000004,169.623,450.35699999999997,1861.152,524.381,2385.5329999999994,2.0173584034547853,0.5821230402824188,0.859981363504562,2.2223035496611883,0.04588744345006007,-0.4201938533347234,-0.5179932266755245,4.789579327565967,2.177,2.717,1.899,2.196,31421.48936812273,45283.33474355935,99.16601382374232,-2.177,2.612579327565967,59231.81992411056,41100.15330230757,59729.95952967234,41445.80559157998
2025,100.442,205.401,305.844,862.667,112.298,489.092,-7.492000000000001,1762.409,219.61100000000002,132.126,351.73699999999997,1410.672,403.8449999999999,1814.5169999999998,-14.585912381148868,-5.437331287288734,-1.9807624525025365,-7.636829232647302,0.13760294699197057,3.2841487422843496,2.014719915407231,-24.204363748903905,0.841,-0.366,-0.976,-0.688,31615.045742630362,45430.50558147592,100,-0.841,-25.045363748903906,44620.273887436495,31051.206275265293,44620.273887436495,31051.206275265293
