Ratio salaire horaire / Smic,Travailleur non pauvre,Travailleur pauvre
5.39548937088594e-4,0.41102788621465014,0.06614348621483788
0.006409334555607012,0.42732036564070797,0.06891251233826895
0.012279120174125429,0.4430006414236912,0.07119684889210988
0.018148905792643846,0.45799166530544605,0.072919816413525
0.024018691411162266,0.4720242590614174,0.07406200475860852
0.02988847702968068,0.48524944514166324,0.07467656717294745
0.0357582626481991,0.49763796756093376,0.07478509283889453
0.04162804826671752,0.5091676515765657,0.07442146297960765
0.047497833885235936,0.519823397609348,0.07363006307961717
0.053367619503754356,0.5294191371432693,0.07246374548236233
0.05923740512227277,0.5380655554645938,0.07098160562216663
0.06510719074079119,0.5458625802557943,0.06923011546629827
0.07097697635930961,0.5528350410484826,0.06729783385896809
0.07684676197782803,0.5590129946258979,0.06526285717569028
0.08271654759634645,0.56436636899731,0.06318115512415401
0.08858633321486487,0.5688867312529664,0.061103009667789566
0.09445611883338327,0.5727761050459408,0.05907225164384998
0.10032590445190169,0.5760855682965383,0.05712579568733175
0.10619569007042011,0.578867513742265,0.05529346022445674
0.11206547568893853,0.5811753935084601,0.05361576151316141
0.11793526130745695,0.5829728084378443,0.05210214076463262
0.12380504692597537,0.5844408306015807,0.050751436839540635
0.12967483254449377,0.5856364588276906,0.04956583681445747
0.1355446181630122,0.5866080411582834,0.04854394556319932
0.1414144037815306,0.5874018140299583,0.04768151666236126
0.14728418940004903,0.5880497417677402,0.04697213651008311
0.15315397501856745,0.5886177350001927,0.04640784976482716
0.15902376063708587,0.5891533525927516,0.045995727596688775
0.1648935462556043,0.5896850093764122,0.04571180342930699
0.1707633318741227,0.5902379079219646,0.045541409617088725
0.17663311749264113,0.590837934591593,0.04547552886936605
0.18250290311115955,0.5915213735335255,0.045505579526737915
0.18837268872967797,0.5922866950706482,0.045623478329393063
0.1942424743481964,0.59314029617921,0.045821668786167426
0.2001122599667148,0.5940859898816819,0.046093120844842565
0.20598204558523323,0.5951250811790859,0.04643985454448371
0.21185183120375162,0.596276507650712,0.04684658631007669
0.21772161682227004,0.597514617436127,0.04730637183703825
0.22359140244078846,0.5988261212227544,0.047814133477715924
0.22946118805930688,0.6002012997721743,0.04836508619965493
0.2353309736778253,0.601629344956551,0.04895471774423128
0.24120075929634371,0.6031011532404482,0.049578777114042696
0.24707054491486213,0.6045965406599904,0.050233271287158675
0.25294033053338055,0.6060958026075134,0.05091804206261602
0.258810116151899,0.6075857374805115,0.05162506272280082
0.2646799017704174,0.6090533960683642,0.052351213335332915
0.2705496873889358,0.6104850052866141,0.053093883410623884
0.27641947300745423,0.6118506684653252,0.05385077270550359
0.28228925862597265,0.6131502895363363,0.054619880448116
0.28815904424449107,0.6143751212959317,0.0553994854312327
0.2940288298630095,0.6155174327161227,0.05618817978125971
0.2998986154815279,0.6165705277037986,0.056985622281855615
0.3057684011000463,0.6175079397737528,0.05778931602909046
0.31163818671856475,0.6183361947428168,0.058598242296763144
0.31750797233708317,0.6190626760228012,0.05941135862610265
0.3233777579556016,0.6196872671330761,0.060227557188385454
0.32924754357412,0.6202107949531963,0.061045634575255296
0.3351173291926384,0.6206258540616617,0.061864274513950546
0.34098711481115684,0.620927848515709,0.06268197768171142
0.34685690042967526,0.6211410443305293,0.06349651053694597
0.3527266860481936,0.6212703491225887,0.06430643266073582
0.35859647166671205,0.6213209687713538,0.06511025558142332
0.36446625728523047,0.6212983605196403,0.06590665638195314
0.3703360429037489,0.6211919036299686,0.06669455870257283
0.3762058285222673,0.6210270972864765,0.06747321062922923
0.3820756141407857,0.6208099697107307,0.06824225669882601
0.38794539975930414,0.6205453385637291,0.06900145775874465
0.39381518537782256,0.6202376841492083,0.06975104068170061
0.399684970996341,0.6198853270935288,0.07049378653345506
0.4055547566148594,0.6194951292080632,0.07123176489742047
0.4114245422333778,0.6190740699850817,0.07196750393907853
0.41729432785189624,0.6186239471880439,0.07270392441991472
0.42316411347041466,0.6181461444660052,0.07344426105910323
0.4290338990889331,0.6176400395937712,0.07419197344155849
0.4349036847074515,0.6171016279347536,0.074951520403543
0.4407734703259699,0.6165369879538222,0.07572831069904877
0.44664325594448834,0.6159458354954038,0.07652442955530908
0.45251304156300676,0.6153278273672592,0.07734295177471427
0.4583828271815252,0.6146825886082964,0.07818661457961218
0.4642526128000436,0.6140029157291097,0.07905777220380142
0.470122398418562,0.61329420346611,0.07995836532460446
0.47599218403708043,0.6125581962889458,0.08088990522857677
0.48186196965559885,0.6117955557017746,0.08185583557503606
0.4877317552741173,0.6110072369864465,0.08285765823861681
0.4936015408926357,0.6101916129128555,0.08389229115973133
0.4994713265111541,0.6093513064915355,0.08495947109189729
0.5053411121296725,0.6084927928273188,0.08605867970173404
0.511210897748191,0.6076189658947455,0.08718917936549778
0.5170806833667093,0.6067329708336636,0.08835004308849576
0.5229504689852278,0.6058381041567428,0.08954017740583874
0.5288202546037462,0.6049388839021396,0.09076063988193163
0.5346900402222646,0.6040415360189888,0.0920093355019314
0.540559825840783,0.6031498778558653,0.09328230788889605
0.5464296114593015,0.6022676382559202,0.09457765859145391
0.5522993970778198,0.601398433598319,0.0958932602820085
0.5581691826963383,0.6005502711703832,0.09722673383351847
0.5640389683148567,0.5997254288791493,0.09857542958023388
0.5699087539333751,0.5989246709582089,0.09993641441992547
0.5757785395518935,0.5981498531157641,0.10130691280986077
0.581648325170412,0.5974024307157221,0.1026819753604786
0.5875181107889303,0.5966863200934288,0.1040571411649792
0.5933878964074488,0.5960045642724865,0.10542836265472924
0.5992576820259672,0.5953508002039312,0.10679151178884047
0.6051274676444857,0.5947238500567426,0.10814245506831821
0.610997253263004,0.5941221542232429,0.10947713404295428
0.6168670388815225,0.5935437824465597,0.11079164970658115
0.6227368245000409,0.5929909348041607,0.11207898437292307
0.6286066101185593,0.5924539844827248,0.11333692499843892
0.6344763957370777,0.5919295215745656,0.1145641807369769
0.6403461813555961,0.5914142642541329,0.1157588250994062
0.6462159669741145,0.5909048718914914,0.11691953474378075
0.6520857525926329,0.5903974768173889,0.11804562451634024
0.6579555382111514,0.5898869277888485,0.11913707402780553
0.6638253238296697,0.5893702084316494,0.12019454646449867
0.6696951094481882,0.5888447953727324,0.1212154070544405
0.6755648950667066,0.5883084700667408,0.122205941209085
0.6814346806852251,0.5877584082355348,0.12317054302920352
0.6873044663037434,0.5871904584879648,0.12411326185891608
0.6931742519222619,0.5866075369231281,0.1250388898307662
0.6990440375407803,0.5860100877980936,0.12595298054856818
0.7049138231592987,0.5853990811732447,0.12686186971844843
0.7107836087778171,0.5847760194776229,0.12777269657800766
0.7166533943963356,0.5841419293415092,0.12869686939460698
0.7225231800148539,0.5835035611329283,0.12964409259549775
0.7283929656333724,0.5828656441557564,0.13062439660998448
0.7342627512518908,0.5822330013118531,0.13164874656258033
0.7401325368704093,0.5816109465119891,0.1327287484265236
0.7460023224889276,0.5810090526662685,0.1338765260849651
0.7518721081074461,0.5804385674102007,0.1351045690403819
0.7577418937259645,0.5799040598644327,0.13642555086092525
0.7636116793444829,0.5794131045385426,0.1378726828270584
0.7694814649630013,0.5789734668927032,0.13944240424058885
0.7753512505815198,0.5785950880995845,0.14114554962173084
0.7812210362000381,0.5783067261822188,0.14299197246790557
0.7870908218185566,0.5781003103244202,0.14499018209401962
0.792960607437075,0.5779834981512875,0.14714716041014764
0.7988303930555934,0.5779636736963085,0.14946821848372685
0.8047001786741118,0.5780479171926304,0.15195936997919743
0.8105699642926303,0.5782687566255569,0.15464585094573463
0.8164397499111486,0.5786200544253187,0.15750046514633034
0.822309535529667,0.5790970248408795,0.1605205255977304
0.8281793211481855,0.5797034777329501,0.16370217091799216
0.8340491067667039,0.580442526314728,0.16704064991281872
0.8399188923852223,0.5813306325631172,0.17053062847232164
0.8457886780037407,0.5823814274161209,0.17416651091395857
0.8516584636222592,0.5835679089402932,0.1779468739192348
0.8575282492407775,0.5848883838092048,0.1818801973598988
0.863398034859296,0.5863403732202744,0.18594340718121966
0.8692678204778144,0.5879206183257659,0.19013407280538097
0.8751376060963328,0.5896579309061347,0.19445106158966113
0.8810073917148512,0.5915098612038955,0.19889459004744672
0.8868771773333697,0.5934687039331872,0.20346622055608854
0.892746962951888,0.5955271559435036,0.2081688050634617
0.8986167485704065,0.5976774165700245,0.21301296606199263
0.9044865341889249,0.5999234054793475,0.2180161295023784
0.9103563198074434,0.6022459955863134,0.22316782882069908
0.9162261054259617,0.6046261362046279,0.2284744104195797
0.9220958910444802,0.6070543071484877,0.23394214546528902
0.9279656766629986,0.6095209254867107,0.23957696300910625
0.933835462281517,0.6120173457132984,0.24538419671042558
0.9397052479000354,0.6145315265615079,0.25136834982721457
0.9455750335185539,0.6170479427106541,0.2575442936645173
0.9514448191370722,0.6195577307655725,0.26392235405259734
0.9573146047555907,0.6220522984056982,0.2704829879899731
0.9631843903741091,0.6245233381547379,0.2772244676155799
0.9690541759926276,0.6269516398924011,0.2841436324765402
0.9749239616111459,0.6293336951739656,0.2912359690314021
0.9807937472296644,0.6316644705742369,0.2984957298991173
0.9866635328481828,0.6339378087918294,0.3059160912825075
0.9925333184667012,0.636147907571798,0.31350048421223875
0.9984031040852196,0.6382784545893863,0.32123975301465235
1.004272889703738,0.6403207592633233,0.32911146177993117
1.0101426753222564,0.6422813878343941,0.3371072926601236
1.0160124609407748,0.6441563866020958,0.3452194977950867
1.0218822465592932,0.6459420127763887,0.3534411465354313
1.0277520321778117,0.6476316572190843,0.3617663363647574
1.0336218177963301,0.6491976579580478,0.3701903594752534
1.0394916034148485,0.6506616049925757,0.37871862641358284
1.0453613890333668,0.6520204232626668,0.38734720963259833
1.0512311746518854,0.6532710279840759,0.3960688831962734
1.0571009602704038,0.6544103119286279,0.4048842764966276
1.0629707458889222,0.6554090279201225,0.41379435197618875
1.0688405315074405,0.6562778976184336,0.4227999664841982
1.074710317125959,0.6570224726245089,0.43190139338727884
1.0805801027444775,0.6576389693721177,0.4410978183512076
1.0864498883629958,0.6581234396653063,0.450396196565231
1.0923196739815142,0.6584565548365231,0.45978452326556263
1.0981894596000328,0.6586192441072366,0.4692479212883119
1.1040592452185511,0.6586326505762831,0.47877384833796816
1.1099290308370695,0.658491725477409,0.48834668713994545
1.1157988164555879,0.6581912592014476,0.4979478810615907
1.1216686020741065,0.6577258858521202,0.5075561969314226
1.1275383876926248,0.6570372534774708,0.5171481115265748
1.1334081733111432,0.6561667735150244,0.5266885344684419
1.1392779589296615,0.655109349928884,0.5361481742947068
1.1451477445481801,0.6538590764180471,0.5455029509832273
1.1510175301666985,0.6524100372754625,0.5547280831400254
1.1568873157852169,0.6507175086076261,0.5638006954260723
1.1627571014037352,0.6487859338319663,0.5727003722738486
1.1686268870222538,0.6466336106989401,0.581409612161343
1.1744966726407722,0.644255270698372,0.5899141703934693
1.1803664582592905,0.6416458740043869,0.5981715019370093
1.186236243877809,0.6387835980933975,0.606199462927703
1.1921060294963275,0.6356243465069836,0.614002266509208
1.1979758151148459,0.6322182529432097,0.6215809462135732
1.2038456007333642,0.6285625274986908,0.6289387709056983
1.2097153863518826,0.6246548969243012,0.6360807813957781
1.215585171970401,0.6204936231408019,0.6430133174534624
1.2214549575889195,0.6160124731452291,0.6497435500079368
1.227324743207438,0.6112668727864181,0.6562498205435802
1.2331945288259563,0.6062688107604259,0.6625694206061218
1.2390643144444746,0.6010207414271319,0.6687110530965331
1.2449341000629932,0.5955259024013727,0.674680478983654
1.2508038856815116,0.5897544599432186,0.6804825530897063
1.25667367130003,0.5837144086738192,0.6861211470909084
1.2625434569185483,0.5774498541950401,0.6915990961665505
1.2684132425370669,0.5709692223720917,0.6969173898920601
1.2742830281555853,0.5642817792023819,0.7020511545948248
1.2801528137741036,0.5573914459650571,0.7070250735693034
1.286022599392622,0.5502742852105188,0.7118363940292491
1.2918923850111406,0.5429949914955374,0.7164809658096787
1.297762170629659,0.5355674829266412,0.7209531570813721
1.3036319562481773,0.5280062573206242,0.7252457869901947
1.3095017418666957,0.5203263637437637,0.729350084663016
1.3153715274852142,0.5125269338743905,0.7332512314551286
1.3212413131037326,0.504647047078991,0.73690686153087
1.327111098722251,0.49671092010495665,0.7403324750347293
1.3329808843407693,0.48873531802480147,0.7435133591667904
1.338850669959288,0.4807369969449141,0.7464346451194681
1.3447204555778063,0.4727348032123082,0.7490818870787377
1.3505902411963246,0.4647558557451458,0.7514416999091458
1.356460026814843,0.4568162071920707,0.7535024411642574
1.3623298124333616,0.4489306758873812,0.755243368147184
1.36819959805188,0.44111347052000655,0.7566285561069757
1.3740693836703983,0.4333781561556728,0.7577003739804805
1.3799391692889167,0.42577142166567444,0.7584652548401833
1.385808954907435,0.4182795155335851,0.7589347437840515
1.3916787405259536,0.4109115011769556,0.7591254778412724
1.397548526144472,0.40367562360069725,0.7590589806913617
1.4034183117629904,0.3965791508564632,0.7587612713918522
1.4092880973815087,0.3896564437172718,0.7582539086562381
1.4151578830000273,0.3829034213856228,0.7575692203040633
1.4210276686185457,0.37630571288568554,0.756765742068656
1.426897454237064,0.36986448609104683,0.7558782176951445
1.4327672398555824,0.36357998963090704,0.7549396236010375
1.438637025474101,0.35746276298517937,0.7539800472644795
1.4445068110926194,0.35153227292690925,0.7530256633588551
1.4503765967111377,0.34574986451215756,0.7520978330543521
1.456246382329656,0.3401110659981257,0.7512159167550783
1.4621161679481747,0.3346108601140379,0.7503910838463628
1.467985953566693,0.32924371385924045,0.7496175347154598
1.4738557391852114,0.3240333930146886,0.7488878524215207
1.4797255248037298,0.3189423878427976,0.7481892670914485
1.4855953104222483,0.31395898043905335,0.7475043920906259
1.4914650960407667,0.3090760543623593,0.7468120839178052
1.497334881659285,0.30428646007465204,0.7460884025716528
1.5032046672778034,0.29959415557046754,0.7452999499094385
1.509074452896322,0.294987916821793,0.74441287179758
1.5149442385148404,0.29044876199565156,0.7434079135046784
1.5208140241333588,0.28597058497872657,0.7422632427095621
1.5266838097518771,0.28154760939574763,0.7409601641576243
1.5325535953703957,0.27717600991315067,0.7394836382646083
1.538423380988914,0.27285834184379126,0.737822658591136
1.5442931666074324,0.2685780944869923,0.7359704865956934
1.5501629522259508,0.2643320416727684,0.7339057229143451
1.5560327378444694,0.2601174085166147,0.7316389564392309
1.5619025234629877,0.25593186996559675,0.7291919414799385
1.567772309081506,0.251779272264651,0.7265762080071355
1.5736420947000245,0.24765418594585986,0.7238057775061044
1.5795118803185428,0.24355445919771163,0.7208965772878719
1.5853816659370614,0.2394802542647913,0.7178658355991323
1.5912514515555798,0.23543205777689036,0.7147314690747232
1.5971212371740982,0.23141390833817913,0.711504135940294
1.6029910227926165,0.22742991746113878,0.7082105354109738
1.608860808411135,0.22347681422288274,0.7048700435828587
1.6147305940296535,0.21955640844184446,0.701495697559189
1.6206003796481718,0.21567060248205133,0.69809835100221
1.6264701652666902,0.21182143612899582,0.6946865237603832
1.6323399508852088,0.20802336440803237,0.6912663369659333
1.6382097365037271,0.20426756397379658,0.6878415335656561
1.6440795221222455,0.20055590255873001,0.6844129386630706
1.6499493077407639,0.19689014554191836,0.6809792910078194
1.6558190933592825,0.1932719479737179,0.677537554028953
1.6616888789778008,0.18971240934950015,0.6740836598918684
1.6675586645963192,0.18620956822777912,0.670613027404046
1.6734284502148375,0.18275888794503997,0.6671209427006793
1.6792982358333561,0.1793610525929828,0.6636029168199915
1.6851680214518745,0.17601657018583272,0.660055011122891
1.6910378070703929,0.172729872023311,0.6564689260139197
1.6969075926889112,0.16950867371227907,0.6528471311662171
1.7027773783074298,0.16634080064900247,0.6491904739861154
1.7086471639259482,0.16322575188691205,0.6455003646480801
1.7145169495444665,0.16016289510749931,0.6417794088865852
1.720386735162985,0.15715147181208855,0.6380313164946408
1.7262565207815035,0.15420334004614017,0.6342607832194374
1.7321263064000219,0.15130549617746103,0.6304733513041257
1.7379960920185402,0.1484550254465392,0.6266750808027827
1.7438658776370586,0.14565070334731509,0.6228757482507532
1.7497356632555772,0.14289127726381823,0.6190824837301624
1.7556054488740955,0.14018176072650135,0.6153023195066111
1.761475234492614,0.1375198508162027,0.6115420571401096
1.7673450201111323,0.13489806671639884,0.6078080858477812
1.7732148057296506,0.13231527901634252,0.6041061981469449
1.7790845913481692,0.1297704204029095,0.6004418645168873
1.7849543769666876,0.1272639344795719,0.5968257020352108
1.790824162585206,0.1248022552456163,0.5932536483149814
1.7966939482037243,0.12237532257071529,0.5897260372372217
1.8025637338222429,0.11998262671769201,0.5862416552025668
1.8084335194407613,0.11762376905577768,0.5827977264675489
1.8143033050592796,0.11529846322076481,0.5793899534504059
1.820173090677798,0.11301412084489933,0.5760126143778198
1.8260428762963166,0.11076567397173402,0.5726590817828608
1.831912661914835,0.10855107526764834,0.5693207853120308
1.8377824475333533,0.10637072941851235,0.5659855512895503
1.8436522331518717,0.1042251411433117,0.5626446433257523
1.8495220187703902,0.10211913188775108,0.5592898647863652
1.8553918043889086,0.10005632334669995,0.5559139357899375
1.861261590007427,0.09803120249797365,0.5525108348717211
1.8671313756259453,0.09604472378175331,0.549076094651976
1.873001161244464,0.09409787744637313,0.5456055596197714
1.8788709468629823,0.09219187648416931,0.5420962449436676
1.8847407324815006,0.09034030941984603,0.538555192927542
1.890610518100019,0.08853232280179364,0.5349868183790341
1.8964803037185376,0.08676888371380446,0.531396960355511
1.902350089337056,0.08505090806688292,0.5277925486989368
1.9082198749555743,0.0833792554008369,0.524181233471562
1.9140896605740927,0.08176387934883282,0.5205709890015517
1.9199594461926113,0.0802017591101354,0.5169707610252073
1.9258292318111296,0.07868827129791736,0.5133904256721368
1.931699017429648,0.07722369503052877,0.5098344336707925
1.9375688030481664,0.07580818760293932,0.5063068334127435
1.943438588666685,0.07444565322874246,0.5028101151902965
1.9493083742852033,0.07314245224958243,0.49934517117984656
1.9551781599037217,0.07188739601127668,0.4959113236957739
1.96104794552224,0.07067980307630292,0.4925064187374672
1.9669177311407584,0.06951885221757764,0.4891284250148167
1.972787516759277,0.06840358290639544,0.48577151221750015
1.9786573023777954,0.06734403976933359,0.48242770858385
1.9845270879963137,0.0663278629759651,0.4790912973933247
1.990396873614832,0.06535204421857564,0.47575675811566254
1.9962666592333507,0.06441484693476866,0.4724190496898016
2.002136444851869,0.0635144288723897,0.4690738669298138
2.0080062304703876,0.0626536828059571,0.4657178645348566
2.013876016088906,0.061828751047379005,0.46234761326143725
2.0197458017074243,0.061032492614018545,0.45896277021281295
2.0256155873259427,0.06026260979280055,0.45556579836483185
2.031485372944461,0.05951676921599985,0.4521593820624415
2.0373551585629794,0.058793396884672826,0.4487473113996254
2.043224944181498,0.05809276818820345,0.44533430220784
2.049094729800016,0.05740709522854004,0.441925781447442
2.054964515418535,0.056734086951322316,0.43852764290724666
2.0608343010370533,0.05607151035142323,0.435148556541055
2.0667040866555717,0.055417196725789805,0.4317951101001239
2.07257387227409,0.05476971817370154,0.42847115246633144
2.0784436578926084,0.05412535952246052,0.4251806416164725
2.084313443511127,0.05348213033205928,0.4219263800218742
2.090183229129645,0.05283856242875438,0.4187098682535236
2.0960530147481635,0.05219333969784976,0.4155312037650565
2.1019228003666823,0.05154481817148909,0.4123890274860781
2.1077925859852007,0.050891467293374175,0.4092838741260676
2.113662371603719,0.050233395583765564,0.4062072961731851
2.1195321572222374,0.0495703722401395,0.4031516021355246
2.125401942840756,0.04890234945985045,0.4001098631160428
2.131271728459274,0.04822942982404289,0.3970746498886531
2.1371415140777925,0.04755105335736191,0.394038319606311
2.143011299696311,0.04686945932894784,0.3909933115355704
2.1488810853148292,0.0461856149357981,0.38793244554406553
2.154750870933348,0.04550060950749028,0.3848451784363654
2.1606206565518664,0.044815647400382616,0.3817279188215828
2.1664904421703848,0.04413278253706063,0.37857822038237077
2.172360227788903,0.04345414434499052,0.3753944713760887
2.1782300134074215,0.04278107998583658,0.372176660799134
2.18409979902594,0.04211511348551337,0.368926385032739
2.1899695846444582,0.04145775622420032,0.3656468047161398
2.1958393702629766,0.04081150625646441,0.3623425526939059
2.2017091558814954,0.04018009721033225,0.3590182972058908
2.2075789415000138,0.039562532275855274,0.35568553857707375
2.213448727118532,0.03895989627498374,0.35235278925030716
2.2193185127370505,0.038373158588953786,0.34902859814805065
2.225188298355569,0.03780316916872659,0.34572154816171885
2.2310580839740872,0.03725553153081373,0.34244001956928
2.2369278695926056,0.03672661077040258,0.3391919781675082
2.242797655211124,0.03621607480172835,0.3359848594271871
2.2486674408296428,0.03572396580053155,0.33283449331187864
2.254537226448161,0.03525020476311567,0.3297391748652888
2.2604070120666795,0.03479734398217085,0.32670325362726704
2.266276797685198,0.03436440047641642,0.32373035860858523
2.272146583303716,0.03394829789352501,0.32082351019556377
2.2780163689222346,0.03354842263774497,0.31798524576109866
2.283886154540753,0.03316411837192305,0.31521775161636817
2.2897559401592713,0.03279533506973511,0.3125242923545318
2.29562572577779,0.03244381607501603,0.30991726246274687
2.3014955113963085,0.03210515766559192,0.3073874717807721
2.307365297014827,0.031778697534875444,0.30493680124564826
2.313235082633345,0.031463810903146025,0.30256706419859297
2.3191048682518636,0.031159913691462444,0.3002798983568369
2.324974653870382,0.03086872659667537,0.29807663287053027
2.3308444394889003,0.030587893026549264,0.29595813724621045
2.3367142251074187,0.03031644291731136,0.29392745222356537
2.342584010725937,0.030054120631134044,0.2919921614403871
2.348453796344456,0.029800719932049562,0.2901384160787518
2.354323581962974,0.029557130234587923,0.28836285072157397
2.3601933675814926,0.029323675458916787,0.2866610522143822
2.366063153200011,0.029098786130905503,0.28502763895015043
2.3719329388185293,0.02888242603089967,0.28345638194771916
2.3778027244370477,0.02867455701879519,0.2819403626800161
2.383672510055566,0.02847522369903437,0.2804740391175472
2.3895422956740844,0.02828660435167399,0.27905041509555
2.395412081292603,0.028106125956687662,0.2776562362121611
2.4012818669111216,0.027933578587949655,0.276284283551047
2.40715165252964,0.027768701765347636,0.2749277877378536
2.4130214381481583,0.027611183202483756,0.2735804868716491
2.4188912237666766,0.027461864523516243,0.2722366425648027
2.424761009385195,0.02731931987661835,0.2708910164802588
2.4306307950037134,0.027182267095305804,0.2695380129909835
2.4365005806222317,0.02705006416032801,0.2681715144671292
2.4423703662407505,0.026922025792736764,0.26678805938058
2.448240151859269,0.026797616083420434,0.2653834832279461
2.4541099374777873,0.026675908435164094,0.2639536034949163
2.4599797230963056,0.026555379077437963,0.26249422425630553
2.465849508714824,0.026435212585745962,0.261001181511456
2.4717192943333424,0.02631460041367917,0.2594704292058762
2.4775890799518607,0.026192744394090025,0.25789447120408837
2.483458865570379,0.02606796622361229,0.2562689609747054
2.489328651188898,0.025939804735811218,0.2545955791044041
2.4951984368074163,0.025807689675027213,0.2528733972695563
2.5010682224259346,0.025671042769427062,0.2511027218676284
2.506938008044453,0.02552933699115596,0.2492852090769963
2.5128077936629714,0.025381118289955946,0.24742393423971032
2.5186775792814897,0.025225953089418343,0.24552341129771285
2.524547364900008,0.025064368827842985,0.24358729507713162
2.5304171505185264,0.024896182899692663,0.2416261954489258
2.536286936137045,0.024721264458872346,0.2396512991629381
2.5421567217555636,0.02453919575850145,0.23767196821494763
2.548026507374082,0.024348636334092354,0.23569777757537247
2.5538962929926003,0.024151356516400914,0.23373820748248386
2.5597660786111187,0.02394747032656108,0.23180234162480862
2.565635864229637,0.02373711474350667,0.22989857899331642
2.5715056498481554,0.023520447653615294,0.2280396964568276
2.577375435466674,0.023296282705991878,0.22623059793996236
2.583245221085192,0.023065970101670764,0.22447277066394752
2.589115006703711,0.022830080728386767,0.22276848955555148
2.5949847923222293,0.022588811904154786,0.2211185895458793
2.6008545779407477,0.02234235836254521,0.21952254948558
2.606724363559266,0.02209032567851312,0.21797861357058368
2.6125941491777844,0.02183278039622035,0.21648394529975018
2.618463934796303,0.021570749453220125,0.21503987903842475
2.624333720414821,0.021304406847841344,0.2136366979047285
2.6302035060333395,0.021033928579384267,0.2122675743523827
2.6360732916518583,0.020759443453778177,0.21092738745293163
2.6419430772703767,0.02048024194996892,0.20961103780078674
2.647812862888895,0.02019767121709161,0.20831353996289778
2.6536826485074134,0.019911986208885162,0.20703008675578724
2.659552434125932,0.019623468828756065,0.20575608601203008
2.66542221974445,0.01933242945055256,0.20448709250833103
2.6712920053629685,0.019038917969197426,0.20321754639709652
2.677161790981487,0.018743804577345806,0.20194346538507021
2.6830315766000057,0.018447790421834486,0.2006611068453696
2.688901362218524,0.018151417029903246,0.19936686511187604
2.6947711478370424,0.01785526544308607,0.19805729484181597
2.7006409334555608,0.017560125116991048,0.1967291543277219
2.706510719074079,0.017267287642914103,0.19537946931986894
2.7123805046925975,0.0169773097201324,0.1940013182515795
2.718250290311116,0.01669095477407621,0.19259622613672403
2.7241200759296342,0.016408995476283886,0.1911634351044491
2.7299898615481526,0.01613221046076546,0.18970279033991744
2.7358596471666714,0.01586337648351353,0.18821501084619727
2.7417294327851898,0.015601980114344568,0.18670172613983865
2.747599218403708,0.015348542964544996,0.18516548227636026
2.7534690040222265,0.015103669672981596,0.1836096075288443
2.759338789640745,0.014867904800652561,0.18203728498925062
2.7652085752592632,0.01464337488760646,0.18045700178140578
2.7710783608777816,0.014430264396378518,0.17887442256641845
2.7769481464963,0.014227382337545506,0.17729534288374804
2.7828179321148188,0.014034709232837035,0.17572549040670493
2.788687717733337,0.01385211168473764,0.17417033016610947
2.7945575033518555,0.013679819699880186,0.17263487752489212
2.800427288970374,0.013518867358724363,0.17112418591674292
2.806297074588892,0.013366114664976602,0.16964578805258143
2.8121668602074106,0.013220695652803063,0.16819800589263545
2.818036645825929,0.013081636756389035,0.1667815355801782
2.8239064314444473,0.012947859877623492,0.16539584289600026
2.829776217062966,0.012818591758541654,0.1640390850668384
2.8356460026814845,0.012691135875332911,0.16270802794469932
2.841515788300003,0.012563820282738936,0.16139795553272276
2.847385573918521,0.012435156385887481,0.1601027226652639
2.8532553595370396,0.012303634452006742,0.1588119003686917
2.859125145155558,0.012166868625204235,0.15751218394141606
2.8649949307740763,0.012022203201581733,0.15618993244837426
2.8708647163925947,0.011869042597731957,0.15482918816908017
2.8767345020111135,0.011706089620430798,0.15341158832338941
2.882604287629632,0.011532136906936946,0.15191632822513335
2.88847407324815,0.011345849410211224,0.15032018752759158
2.8943438588666686,0.011142398331509637,0.1485886434654456
2.900213644485187,0.010924605719944636,0.14667651901426623
2.9060834301037053,0.010692059539231389,0.14456846605020007
2.9119532157222237,0.010444505920407418,0.14223424698633716
2.917823001340742,0.010181850309342958,0.13964422217987932
2.9236927869592604,0.009901265760364214,0.13677032241372647
2.929562572577779,0.009605027328582401,0.1335870949082443
2.9354323581962976,0.009295262181182724,0.1300728022742888
2.941302143814816,0.008972833556221202,0.12618496126661533
2.9471719294333343,0.008638737931527956,0.12190358969431289
2.9530417150518526,0.008293325417553954,0.11726544256033337
2.958911500670371,0.007937703061811525,0.11228178366599381
2.9647812862888894,0.007575511682258331,0.10697277591986125
2.9706510719074077,0.007208314755426298,0.10136745813365397
2.9765208575259265,0.006837714622510665,0.09550344799180556
2.982390643144445,0.006465345588783496,0.08942636882002199
2.9882604287629633,0.0060936504203357765,0.08318185368649787
2.9941302143814816,0.005724837767829857,0.07684887608339183
3,0.005360446411643201,0.07050432659663276
